name,type,lat,long,link
Karawang Park,Park,-6.203096,106.8320984,https://www.google.com/maps/place/Karawang+Park/data=!4m7!3m6!1s0x2e69f410ddbd090b:0xe0111c9a607dd9f1!8m2!3d-6.203096!4d106.8320984!16s%2Fg%2F11dymvtf6k!19sChIJCwm93RD0aS4R8dl9YJocEeA?authuser=0&hl=en&rclk=1
Kemuning Park,Park,-6.224815,106.9258555,https://www.google.com/maps/place/Kemuning+Park/data=!4m7!3m6!1s0x2e698cbac8bffc39:0xd12a782bf209319d!8m2!3d-6.224815!4d106.9258555!16s%2Fg%2F11b823v5vt!19sChIJOfy_yLqMaS4RnTEJ8it4KtE?authuser=0&hl=en&rclk=1
Kerinci Park,City park,-6.2390756,106.7878346,https://www.google.com/maps/place/Kerinci+Park/data=!4m7!3m6!1s0x2e69f11603ad5f5f:0x55e97cb4545045fc!8m2!3d-6.2390756!4d106.7878346!16s%2Fg%2F11b6__mqq6!19sChIJX1-tAxbxaS4R_EVQVLR86VU?authuser=0&hl=en&rclk=1
Ketapang Park,Park,-6.1218369,106.9632269,https://www.google.com/maps/place/Ketapang+Park/data=!4m7!3m6!1s0x2e6a21b2d3b45521:0xb33d99270e7a1ad8!8m2!3d-6.1218369!4d106.9632269!16s%2Fg%2F11fr34bcmq!19sChIJIVW007Ihai4R2Bp6DieZPbM?authuser=0&hl=en&rclk=1
Komplek BPP park,Park,-6.1589429,106.9228382,https://www.google.com/maps/place/Komplek+BPP+park/data=!4m7!3m6!1s0x2e698b3eb6d335bd:0x35f69d6995b1dfcc!8m2!3d-6.1589429!4d106.9228382!16s%2Fg%2F11fj9m5mjj!19sChIJvTXTtj6LaS4RzN-xlWmd9jU?authuser=0&hl=en&rclk=1
Lapangan Banteng Park,City park,-12.34111,213.6700756,https://www.google.com/maps/place/Lapangan+Banteng+Park/data=!4m7!3m6!1s0x2e69f5cbff32cf03:0xc0f7ede65818fc6d!8m2!3d-6.170555!4d106.8350378!16s%2Fg%2F1hb_h2wc5!19sChIJA88y_8v1aS4RbfwYWObt98A?authuser=0&hl=en&rclk=1
Lapangan Bidaracina,Park,-6.2414879,106.8634229,https://www.google.com/maps/place/Lapangan+Bidaracina/data=!4m7!3m6!1s0x2e69f3a0caae35f1:0x48e94997f3d1a5cf!8m2!3d-6.2414879!4d106.8634229!16s%2Fg%2F11bw1zxqxp!19sChIJ8TWuyqDzaS4Rz6XR85dJ6Ug?authuser=0&hl=en&rclk=1
LAPANGAN BOLA & Taman Gaya Motor,Park,-6.1055326,106.9312764,https://www.google.com/maps/place/LAPANGAN+BOLA+%26+Taman+Gaya+Motor/data=!4m7!3m6!1s0x2e6a2183f70bc237:0xa7c312a344056e62!8m2!3d-6.1055326!4d106.9312764!16s%2Fg%2F11s8ftqzzq!19sChIJN8IL94Mhai4RYm4FRKMSw6c?authuser=0&hl=en&rclk=1
Lapangan Serbaguna Taman Nyiur,Park,-6.1352861,106.8713445,https://www.google.com/maps/place/Lapangan+Serbaguna+Taman+Nyiur/data=!4m7!3m6!1s0x2e69f5e46a03b25d:0xc9b02086e4073afc!8m2!3d-6.1352861!4d106.8713445!16s%2Fg%2F11nmhxtc4s!19sChIJXbIDauT1aS4R_DoH5IYgsMk?authuser=0&hl=en&rclk=1
Layangan Park,Park,-6.3246579,106.8824275,https://www.google.com/maps/place/Layangan+Park/data=!4m7!3m6!1s0x2e69ed1131690f7d:0x31bff380a6b69cd1!8m2!3d-6.3246579!4d106.8824275!16s%2Fg%2F11c6cd5ywz!19sChIJfQ9pMRHtaS4R0Zy2poDzvzE?authuser=0&hl=en&rclk=1
Lenteng Agung Kids And Elderly Friendly Park,City park,-6.322885,106.8360167,https://www.google.com/maps/place/Lenteng+Agung+Kids+And+Elderly+Friendly+Park/data=!4m7!3m6!1s0x2e69edc16716df25:0xbc9677a134aca5a9!8m2!3d-6.322885!4d106.8360167!16s%2Fg%2F1yg93kr8p!19sChIJJd8WZ8HtaS4RqaWsNKF3lrw?authuser=0&hl=en&rclk=1
Lotteng Park,Park,-12.2611256,213.6740654,https://www.google.com/maps/place/Lotteng+Park/data=!4m7!3m6!1s0x2e6a1e1ec9d48545:0xcd4d5b8639ee9170!8m2!3d-6.1305628!4d106.8370327!16s%2Fg%2F11cjk1106q!19sChIJRYXUyR4eai4RcJHuOYZbTc0?authuser=0&hl=en&rclk=1
Mataram City Park,City park,-6.2328196,106.7995376,https://www.google.com/maps/place/Mataram+City+Park/data=!4m7!3m6!1s0x2e69f146b787a2c1:0xd04ecd93726c3e77!8m2!3d-6.2328196!4d106.7995376!16s%2Fg%2F11b7q6zxk0!19sChIJwaKHt0bxaS4Rdz5scpPNTtA?authuser=0&hl=en&rclk=1
Menteng Park,City park,-6.1964087,106.8293106,https://www.google.com/maps/place/Menteng+Park/data=!4m7!3m6!1s0x2e69f422b00ee429:0xa28d5c5a0efbe12e!8m2!3d-6.1964087!4d106.8293106!16s%2Fg%2F11byz6zj8g!19sChIJKeQOsCL0aS4RLuH7DlpcjaI?authuser=0&hl=en&rclk=1
Monumen Nasional,City park,-6.2087442,106.8456019,https://www.google.com/maps/place/Monumen+Nasional/data=!4m7!3m6!1s0x2e69f4724ba0f387:0x1570c20e8ac9f2d!8m2!3d-6.2087442!4d106.8456019!16s%2Fg%2F11f38mqpkv!19sChIJh_OgS3L0aS4RLZ-s6CAMVwE?authuser=0&hl=en&rclk=1
National Monument Park,National park,-6.1718907,106.8272242,https://www.google.com/maps/place/National+Monument+Park/data=!4m7!3m6!1s0x2e69f5d231d3926b:0x80d991c3eef57e2f!8m2!3d-6.1718907!4d106.8272242!16s%2Fg%2F11c0vwvz4v!19sChIJa5LTMdL1aS4RL3717sOR2YA?authuser=0&hl=en&rclk=1
Nimingtaman,Park,-6.3361001,106.856197,https://www.google.com/maps/place/Nimingtaman/data=!4m7!3m6!1s0x2e69ed1ca947e71d:0x244784888a02b51!8m2!3d-6.3361001!4d106.856197!16s%2Fg%2F11rfs30zvk!19sChIJHedHqRztaS4RUSugiEh4RAI?authuser=0&hl=en&rclk=1
North Rawa Badak Park,Park,-6.1276911,106.8941294,https://www.google.com/maps/place/North+Rawa+Badak+Park/data=!4m7!3m6!1s0x2e6a1fe6aeef65f9:0xa9a11693611cadeb!8m2!3d-6.1276911!4d106.8941294!16s%2Fg%2F11cjh_yv02!19sChIJ-WXvruYfai4R660cYZMWoak?authuser=0&hl=en&rclk=1
Orchid Park Indonesia Permai,Park,-6.2927091,106.8819179,https://www.google.com/maps/place/Orchid+Park+Indonesia+Permai/data=!4m7!3m6!1s0x2e69f29c110abcb7:0x843ca9830fbed85a!8m2!3d-6.2927091!4d106.8819179!16s%2Fg%2F1tf0sxzg!19sChIJt7wKEZzyaS4RWti-D4OpPIQ?authuser=0&hl=en&rclk=1
Park of Deplu Complex,Park,-6.2950877,106.7904289,https://www.google.com/maps/place/Park+of+Deplu+Complex/data=!4m7!3m6!1s0x2e69f1de9d625333:0x5a98dd30dae66e13!8m2!3d-6.2950877!4d106.7904289!16s%2Fg%2F11g6mgtmhg!19sChIJM1Nind7xaS4RE27m2jDdmFo?authuser=0&hl=en&rclk=1
Parks Agro Tourism Cilangkap,Park,-6.3422608,106.9000233,https://www.google.com/maps/place/Parks+Agro+Tourism+Cilangkap/data=!4m7!3m6!1s0x2e69ecd777995d99:0xb192c7fabc8d9932!8m2!3d-6.3422608!4d106.9000233!16s%2Fg%2F11d_z8my2_!19sChIJmV2Zd9fsaS4RMpmNvPrHkrE?authuser=0&hl=en&rclk=1
"Pelestarian Lingkungan, Taman Florence, PIK",Community garden,-6.1067607,106.7600921,"https://www.google.com/maps/place/Pelestarian+Lingkungan,+Taman+Florence,+PIK/data=!4m7!3m6!1s0x2e6a1d055eb75d6d:0xd945f6c094e4d428!8m2!3d-6.1067607!4d106.7600921!16s%2Fg%2F11gdw32bzg!19sChIJbV23XgUdai4RKNTklMD2Rdk?authuser=0&hl=en&rclk=1"
Penjaringan City Forest Park,City park,-6.1329844,106.7837854,https://www.google.com/maps/place/Penjaringan+City+Forest+Park/data=!4m7!3m6!1s0x2e6a1d8857b7c43d:0x346954c528821815!8m2!3d-6.1329844!4d106.7837854!16s%2Fg%2F11b7qqslf6!19sChIJPcS3V4gdai4RFRiCKMVUaTQ?authuser=0&hl=en&rclk=1
Piknik Park,City park,-6.2493925,106.9200742,https://www.google.com/maps/place/Piknik+Park/data=!4m7!3m6!1s0x2e698cd13471a0f3:0x6984378542402bc9!8m2!3d-6.2493925!4d106.9200742!16s%2Fg%2F11gfb49zyz!19sChIJ86BxNNGMaS4RyStAQoU3hGk?authuser=0&hl=en&rclk=1
Pramuka Park,Park,-6.1942435,106.8605211,https://www.google.com/maps/place/Pramuka+Park/data=!4m7!3m6!1s0x2e69f45e6af54d0f:0xf29aa44b962bd97d!8m2!3d-6.1942435!4d106.8605211!16s%2Fg%2F11bzs0r6gm!19sChIJD031al70aS4RfdkrlkukmvI?authuser=0&hl=en&rclk=1
"Reflection stone BKT Cakung, East Jakarta Park",Park,-6.1822102,106.9715659,"https://www.google.com/maps/place/Reflection+stone+BKT+Cakung,+East+Jakarta+Park/data=!4m7!3m6!1s0x2e698bbaac128607:0x15572cb7c9513f6b!8m2!3d-6.1822102!4d106.9715659!16s%2Fg%2F11b7l2nygy!19sChIJB4YSrLqLaS4Raz9RybcsVxU?authuser=0&hl=en&rclk=1"
Residents Parks RW. 09 / RT. 12,Park,-6.1237382,106.921702,https://www.google.com/maps/place/Residents+Parks+RW.+09+%2F+RT.+12/data=!4m7!3m6!1s0x2e6a200519affb6b:0x3a02247231cef504!8m2!3d-6.1237382!4d106.921702!16s%2Fg%2F11cltwkcnd!19sChIJa_uvGQUgai4RBPXOMXIkAjo?authuser=0&hl=en&rclk=1
Ria Rio City Park,City park,-6.170686,106.8782351,https://www.google.com/maps/place/Ria+Rio+City+Park/data=!4m7!3m6!1s0x2e69f51cbefd708b:0x7240d3e983345aad!8m2!3d-6.170686!4d106.8782351!16s%2Fg%2F11bzypshqf!19sChIJi3D9vhz1aS4RrVo0g-nTQHI?authuser=0&hl=en&rclk=1
Rptra Bandar Kemayoran,City park,-6.1627452,106.8483273,https://www.google.com/maps/place/Rptra+Bandar+Kemayoran/data=!4m7!3m6!1s0x2e69f5bbccf69b63:0x4944582ec879691b!8m2!3d-6.1627452!4d106.8483273!16s%2Fg%2F11gdkpmghs!19sChIJY5v2zLv1aS4RG2l5yC5YREk?authuser=0&hl=en&rclk=1
Rptra Cendekia,City park,-6.3486989,106.8053115,https://www.google.com/maps/place/Rptra+Cendekia/data=!4m7!3m6!1s0x2e69ee8f9ebebc6b:0xac93624ca922bca5!8m2!3d-6.3486989!4d106.8053115!16s%2Fg%2F11g691sgyk!19sChIJa7y-no_uaS4RpbwiqUxik6w?authuser=0&hl=en&rclk=1
RPTRA Kayu Mas,Park,-6.1800119,106.900977,https://www.google.com/maps/place/RPTRA+Kayu+Mas/data=!4m7!3m6!1s0x2e69f5aaba0a1f7b:0x2bf4b08445aacf17!8m2!3d-6.1800119!4d106.900977!16s%2Fg%2F11lggb5737!19sChIJex8Kuqr1aS4RF8-qRYSw9Cs?authuser=0&hl=en&rclk=1
RPTRA Nusa Indah Komplek BPPT,Park,-6.193542,106.7543022,https://www.google.com/maps/place/RPTRA+Nusa+Indah+Komplek+BPPT/data=!4m7!3m6!1s0x2e69f7113649b497:0x76959e29cb4c5416!8m2!3d-6.193542!4d106.7543022!16s%2Fg%2F11bx1qlzqq!19sChIJl7RJNhH3aS4RFlRMyymelXY?authuser=0&hl=en&rclk=1
RPTRA Puspa Indah,City park,-6.1491342,106.7355784,https://www.google.com/maps/place/RPTRA+Puspa+Indah/data=!4m7!3m6!1s0x2e69f7eff57274e7:0x382f717eacfd15c5!8m2!3d-6.1491342!4d106.7355784!16s%2Fg%2F11c2x639t5!19sChIJ53Ry9e_3aS4RxRX9rH5xLzg?authuser=0&hl=en&rclk=1
RPTRA Taman Gajah,Park,-6.2773819,106.7995927,https://www.google.com/maps/place/RPTRA+Taman+Gajah/data=!4m7!3m6!1s0x2e69f1948528caab:0xce3009143976d29!8m2!3d-6.2773819!4d106.7995927!16s%2Fg%2F1ydpvbm7b!19sChIJq8oohZTxaS4RKW2XQ5EA4ww?authuser=0&hl=en&rclk=1
RPTRA Taman Guntur,Park,-6.2096893,106.8102224,https://www.google.com/maps/place/RPTRA+Taman+Guntur/data=!4m7!3m6!1s0x2e69f6af18e06273:0xef5215e1f1343514!8m2!3d-6.2096893!4d106.8102224!16s%2Fg%2F11c57xzy8b!19sChIJc2LgGK_2aS4RFDU08eEVUu8?authuser=0&hl=en&rclk=1
RPTRA Taman Jangkrik,Park,-6.3418384,106.8075181,https://www.google.com/maps/place/RPTRA+Taman+Jangkrik/data=!4m7!3m6!1s0x2e69ee879373881b:0x1938e17649f8a877!8m2!3d-6.3418384!4d106.8075181!16s%2Fg%2F11btvb7p8c!19sChIJG4hzk4fuaS4Rd6j4SXbhOBk?authuser=0&hl=en&rclk=1
RPTRA TAMAN MANDALA,City park,-6.227363,106.8541891,https://www.google.com/maps/place/RPTRA+TAMAN+MANDALA/data=!4m7!3m6!1s0x2e69f39abbaf679b:0xb542e0894f62cd6!8m2!3d-6.227363!4d106.8541891!16s%2Fg%2F11f2w6mxdz!19sChIJm2evu5rzaS4R1iz2lAguVAs?authuser=0&hl=en&rclk=1
RPTRA Taman Matoa Jagakarsa,Park,-6.3291943,106.8233042,https://www.google.com/maps/place/RPTRA+Taman+Matoa+Jagakarsa/data=!4m7!3m6!1s0x2e69edd9c276d797:0x18e9f5c95c24483f!8m2!3d-6.3291943!4d106.8233042!16s%2Fg%2F11c6dz9jbx!19sChIJl9d2wtntaS4RP0gkXMn16Rg?authuser=0&hl=en&rclk=1
RPTRA Taman Melati,Park,-6.3345302,106.9003501,https://www.google.com/maps/place/RPTRA+Taman+Melati/data=!4m7!3m6!1s0x2e69ed262823fd3b:0x644392c5825be266!8m2!3d-6.3345302!4d106.9003501!16s%2Fg%2F11c561b5t7!19sChIJO_0jKCbtaS4RZuJbgsWSQ2Q?authuser=0&hl=en&rclk=1
RPTRA Taman Pedongkelan,Park,-6.1505533,106.7495008,https://www.google.com/maps/place/RPTRA+Taman+Pedongkelan/data=!4m7!3m6!1s0x2e69f7c2f622d001:0x74167212d7bd158b!8m2!3d-6.1505533!4d106.7495008!16s%2Fg%2F11hb4b7qqk!19sChIJAdAi9sL3aS4RixW91xJyFnQ?authuser=0&hl=en&rclk=1
RPTRA Taman Sawo,Park,-6.2622628,106.8001559,https://www.google.com/maps/place/RPTRA+Taman+Sawo/data=!4m7!3m6!1s0x2e69f19e9d8c4b99:0xf8c0456b953928b5!8m2!3d-6.2622628!4d106.8001559!16s%2Fg%2F11b6v49wb0!19sChIJmUuMnZ7xaS4RtSg5lWtFwPg?authuser=0&hl=en&rclk=1
RPTRA Utama,Park,-6.1503335,106.7225787,https://www.google.com/maps/place/RPTRA+Utama/data=!4m7!3m6!1s0x2e69f81d4447c5c9:0x8b29381ddc5532ac!8m2!3d-6.1503335!4d106.7225787!16s%2Fg%2F11cncvxgw9!19sChIJycVHRB34aS4RrDJV3B04KYs?authuser=0&hl=en&rclk=1
RPTRA VLABOEAN,Park,-6.2206967,106.9060553,https://www.google.com/maps/place/RPTRA+VLABOEAN/data=!4m7!3m6!1s0x2e69f302dbadb3cf:0x9a68ea36beca4cea!8m2!3d-6.2206967!4d106.9060553!16s%2Fg%2F11p73z9rj7!19sChIJz7Ot2wLzaS4R6kzKvjbqaJo?authuser=0&hl=en&rclk=1
RTH Taman Interaktif,Garden,-6.260086,106.762775,https://www.google.com/maps/place/RTH+Taman+Interaktif/data=!4m7!3m6!1s0x2e69f144c02c547f:0xa697f53306b6a227!8m2!3d-6.260086!4d106.762775!16s%2Fg%2F11nxc8n75z!19sChIJf1QswETxaS4RJ6K2BjP1l6Y?authuser=0&hl=en&rclk=1
Sangga Buana,Community garden,-6.3152278,106.7787835,https://www.google.com/maps/place/Sangga+Buana/data=!4m7!3m6!1s0x2e69f0b8f8900c09:0x5361ff056ba0dbc1!8m2!3d-6.3152278!4d106.7787835!16s%2Fg%2F1hm2_jn28!19sChIJCQyQ-LjwaS4RwdugawX_YVM?authuser=0&hl=en&rclk=1
Scooterist Anak taman Kota Independent,Community garden,-6.1583578,106.7560745,https://www.google.com/maps/place/Scooterist+Anak+taman+Kota+Independent/data=!4m7!3m6!1s0x2e69f79664e029f5:0x71a66ad2ac2aa741!8m2!3d-6.1583578!4d106.7560745!16s%2Fg%2F11gntgpr67!19sChIJ9SngZJb3aS4RQacqrNJqpnE?authuser=0&hl=en&rclk=1
Sena Raya Park,Park,-6.1321302,106.9210237,https://www.google.com/maps/place/Sena+Raya+Park/data=!4m7!3m6!1s0x2e6a213db871f25b:0xd8721288e1dea4b3!8m2!3d-6.1321302!4d106.9210237!16s%2Fg%2F11j97x90f9!19sChIJW_JxuD0hai4Rs6Te4YgSctg?authuser=0&hl=en&rclk=1
STMKG Meteorological Observatory Garden,Garden,-6.2649366,106.748698,https://www.google.com/maps/place/STMKG+Meteorological+Observatory+Garden/data=!4m7!3m6!1s0x2e69f1e2e436eef3:0x8a6e144e1ec11422!8m2!3d-6.2649366!4d106.748698!16s%2Fg%2F11fgm5r78x!19sChIJ8-425OLxaS4RIhTBHk4Uboo?authuser=0&hl=en&rclk=1
Suropati Park,City park,-6.199387,106.8326333,https://www.google.com/maps/place/Suropati+Park/data=!4m7!3m6!1s0x2e69f416e4052ef9:0x8b3359cdbfba5a81!8m2!3d-6.199387!4d106.8326333!16s%2Fg%2F120z1syk!19sChIJ-S4F5Bb0aS4RgVq6v81ZM4s?authuser=0&hl=en&rclk=1
Syam Orchid. Purnawarman,National park,-6.3061763,106.8239814,https://www.google.com/maps/place/Syam+Orchid.+Purnawarman/data=!4m7!3m6!1s0x2e69edfc7a334bd7:0xc961dc986e2ee79b!8m2!3d-6.3061763!4d106.8239814!16s%2Fg%2F1yg4ffqvr!19sChIJ10szevztaS4Rm-cubpjcYck?authuser=0&hl=en&rclk=1
taman,Garden,-6.1589687,106.7463991,https://www.google.com/maps/place/taman/data=!4m7!3m6!1s0x2e69f73882296fa5:0x7d35404533675cde!8m2!3d-6.1589687!4d106.7463991!16s%2Fg%2F11q8wz95_9!19sChIJpW8pgjj3aS4R3lxnM0VANX0?authuser=0&hl=en&rclk=1
taman,Park,-6.1686156,106.7095739,https://www.google.com/maps/place/Taman/data=!4m7!3m6!1s0x2e69f9f70d875671:0x68dadda5694f43e6!8m2!3d-6.1686156!4d106.7095739!16s%2Fg%2F11s48m1g6q!19sChIJcVaHDff5aS4R5kNPaaXd2mg?authuser=0&hl=en&rclk=1
Taman 007,Park,-6.121054,106.8683696,https://www.google.com/maps/place/Taman+007/data=!4m7!3m6!1s0x2e6a1fcc514b782b:0x4e37012fa8cf239b!8m2!3d-6.121054!4d106.8683696!16s%2Fg%2F11g7zx2x2v!19sChIJK3hLUcwfai4RmyPPqC8BN04?authuser=0&hl=en&rclk=1
Taman Abdurrahman,Park,-6.3639648,106.8829186,https://www.google.com/maps/place/Taman+Abdurrahman/data=!4m7!3m6!1s0x2e69ec96ab7f3ac9:0xe60d4d64aa9a53a4!8m2!3d-6.3639648!4d106.8829186!16s%2Fg%2F11hbnd0ln8!19sChIJyTp_q5bsaS4RpFOaqmRNDeY?authuser=0&hl=en&rclk=1
Taman Al Amin,Park,-6.2365741,106.7554565,https://www.google.com/maps/place/Taman+Al+Amin/data=!4m7!3m6!1s0x2e69f10c0102eec5:0xca7cff78b77139ba!8m2!3d-6.2365741!4d106.7554565!16s%2Fg%2F11nx9_j4q6!19sChIJxe4CAQzxaS4Rujlxt3j_fMo?authuser=0&hl=en&rclk=1
Taman Alfa Indah,Park,-6.223982,106.751836,https://www.google.com/maps/place/Taman+Alfa+Indah/data=!4m7!3m6!1s0x2e69f165bc159b53:0xfff02fa28a6ecbe6!8m2!3d-6.223982!4d106.751836!16s%2Fg%2F11f72_r9kc!19sChIJU5sVvGXxaS4R5stuiqIv8P8?authuser=0&hl=en&rclk=1
TAMAN ALMANAH,Park,-6.1568721,106.7799188,https://www.google.com/maps/place/TAMAN+ALMANAH/data=!4m7!3m6!1s0x2e69f637d187ea51:0x512f326c8a907b0b!8m2!3d-6.1568721!4d106.7799188!16s%2Fg%2F11c6v356lj!19sChIJUeqH0Tf2aS4RC3uQimwyL1E?authuser=0&hl=en&rclk=1
Taman Anggrek Ragunan,Park,-6.3112113,106.8217018,https://www.google.com/maps/place/Taman+Anggrek+Ragunan/data=!4m7!3m6!1s0x2e69edfc7abd128d:0x4b91b44fa1ce0b83!8m2!3d-6.3112113!4d106.8217018!16s%2Fg%2F11b7fhc8r7!19sChIJjRK9evztaS4RgwvOoU-0kUs?authuser=0&hl=en&rclk=1
Taman Angrek,Park,-6.1783249,106.7926149,https://www.google.com/maps/place/Taman+Angrek/data=!4m7!3m6!1s0x2e69f6f3afa836b5:0xb1150c887d4c12b1!8m2!3d-6.1783249!4d106.7926149!16s%2Fg%2F11f_kp9v4v!19sChIJtTaor_P2aS4RsRJMfYgMFbE?authuser=0&hl=en&rclk=1
Taman Apel,Park,-6.1704074,106.783724,https://www.google.com/maps/place/Taman+Apel/data=!4m7!3m6!1s0x2e69f65a6079379b:0x200553cde5d8ee1!8m2!3d-6.1704074!4d106.783724!16s%2Fg%2F11b6h_y0rn!19sChIJmzd5YFr2aS4R4Y5d3jxVAAI?authuser=0&hl=en&rclk=1
Taman Arion Pemuda,City park,-6.1918175,106.8758366,https://www.google.com/maps/place/Taman+Arion+Pemuda/data=!4m7!3m6!1s0x2e69f4f2667499e3:0x70755197d642ceaa!8m2!3d-6.1918175!4d106.8758366!16s%2Fg%2F11cn6j0m62!19sChIJ45l0ZvL0aS4Rqs5C1pdRdXA?authuser=0&hl=en&rclk=1
Taman Asy-Syaakiriin,Park,-6.2364753,106.9048902,https://www.google.com/maps/place/Taman+Asy-Syaakiriin/data=!4m7!3m6!1s0x2e69f3366a9ceaf7:0xd0d8d0f344dedfb6!8m2!3d-6.2364753!4d106.9048902!16s%2Fg%2F11d_ym9kyq!19sChIJ9-qcajbzaS4Rtt_eRPPQ2NA?authuser=0&hl=en&rclk=1
Taman Atas Angin,Garden,-6.2688229,106.8744327,https://www.google.com/maps/place/Taman+Atas+Angin/data=!4m7!3m6!1s0x2e69f3ecc6dec5ef:0x4eb7e1d0bb42e6a5!8m2!3d-6.2688229!4d106.8744327!16s%2Fg%2F11ry989lcw!19sChIJ78XexuzzaS4RpeZCu9Dht04?authuser=0&hl=en&rclk=1
Taman AURI,City park,-6.2460293,106.8413239,https://www.google.com/maps/place/Taman+AURI/data=!4m7!3m6!1s0x2e69f3964a015b85:0x1636ae347fcb4bb4!8m2!3d-6.2460293!4d106.8413239!16s%2Fg%2F11gngw9xnc!19sChIJhVsBSpbzaS4RtEvLfzSuNhY?authuser=0&hl=en&rclk=1
TAMAN BALITUNG,Park,-6.231851,106.8085199,https://www.google.com/maps/place/TAMAN+BALITUNG/data=!4m7!3m6!1s0x2e69f19f641daaad:0x47069c9f67700d8d!8m2!3d-6.231851!4d106.8085199!16s%2Fg%2F11j4w69qwm!19sChIJraodZJ_xaS4RjQ1wZ5-cBkc?authuser=0&hl=en&rclk=1
Taman Bamboo Prohibition,City park,-6.1464373,106.7179637,https://www.google.com/maps/place/Taman+Bamboo+Prohibition/data=!4m7!3m6!1s0x2e69f80383dc3509:0x2f114b2a30eb1c69!8m2!3d-6.1464373!4d106.7179637!16s%2Fg%2F11fz4fxt10!19sChIJCTXcgwP4aS4RaRzrMCpLES8?authuser=0&hl=en&rclk=1
"Taman Bambu, Jakarta Timur",City park,-6.3028578,106.9152623,"https://www.google.com/maps/place/Taman+Bambu,+Jakarta+Timur/data=!4m7!3m6!1s0x2e699345ff38ec5b:0x5761befd132f7d4b!8m2!3d-6.3028578!4d106.9152623!16s%2Fg%2F11h0mm1rnz!19sChIJW-w4_0WTaS4RS30vE_2-YVc?authuser=0&hl=en&rclk=1"
Taman Bandeng 3,Park,-6.1954035,106.8973641,https://www.google.com/maps/place/Taman+Bandeng+3/data=!4m7!3m6!1s0x2e69f4b8898fa1f1:0x3b524f619a8acee2!8m2!3d-6.1954035!4d106.8973641!16s%2Fg%2F11cjh_yntx!19sChIJ8aGPibj0aS4R4s6KmmFPUjs?authuser=0&hl=en&rclk=1
Taman Bangkeng,Park,-6.2307605,106.804948,https://www.google.com/maps/place/Taman+Bangkeng/data=!4m7!3m6!1s0x2e69f12e76cdb439:0x405ab48c53d87b24!8m2!3d-6.2307605!4d106.804948!16s%2Fg%2F11mn4qkg_s!19sChIJObTNdi7xaS4RJHvYU4y0WkA?authuser=0&hl=en&rclk=1
Taman Banyak,Park,-6.1194065,106.8966786,https://www.google.com/maps/place/Taman+Banyak/data=!4m7!3m6!1s0x2e6a1feefeafcc21:0x17fbe429fb514328!8m2!3d-6.1194065!4d106.8966786!16s%2Fg%2F11j8hgf6cs!19sChIJIcyv_u4fai4RKENR-ynk-xc?authuser=0&hl=en&rclk=1
Taman Baplank,Garden,-6.2362476,106.7600311,https://www.google.com/maps/place/Taman+Baplank/data=!4m7!3m6!1s0x2e69f0dcc1d7d9eb:0x9001fec3e03e9340!8m2!3d-6.2362476!4d106.7600311!16s%2Fg%2F11cmsg0g_p!19sChIJ69nXwdzwaS4RQJM-4MP-AZA?authuser=0&hl=en&rclk=1
Taman baru,Garden,-6.181491,106.941674,https://www.google.com/maps/place/Taman+baru/data=!4m7!3m6!1s0x2e698b171b7b902b:0xe110539a2c5edde3!8m2!3d-6.181491!4d106.941674!16s%2Fg%2F11rjmx2sr2!19sChIJK5B7GxeLaS4R491eLJpTEOE?authuser=0&hl=en&rclk=1
Taman Batu,Park,-6.2671326,106.8483942,https://www.google.com/maps/place/Taman+Batu/data=!4m7!3m6!1s0x2e69f24f5b9cd90b:0x436bade9e6f1c185!8m2!3d-6.2671326!4d106.8483942!16s%2Fg%2F11gf8httcw!19sChIJC9mcW0_yaS4RhcHx5umta0M?authuser=0&hl=en&rclk=1
Taman Bawal Cakalang,Park,-6.19432,106.892822,https://www.google.com/maps/place/Taman+Bawal+Cakalang/data=!4m7!3m6!1s0x2e69f50918f7bfd9:0x3b6d0c5744de31bc!8m2!3d-6.19432!4d106.892822!16s%2Fg%2F11sgw0k02r!19sChIJ2b_3GAn1aS4RvDHeRFcMbTs?authuser=0&hl=en&rclk=1
Taman Belakang PL,Park,-6.2544231,106.8072625,https://www.google.com/maps/place/Taman+Belakang+PL/data=!4m7!3m6!1s0x2e69f179ec4c7b73:0x4d80126d63f2115c!8m2!3d-6.2544231!4d106.8072625!16s%2Fg%2F11cn8zt0f3!19sChIJc3tM7HnxaS4RXBHyY20SgE0?authuser=0&hl=en&rclk=1
Taman Bendi Ujung,Park,-6.2497975,106.7761653,https://www.google.com/maps/place/Taman+Bendi+Ujung/data=!4m7!3m6!1s0x2e69f1834bff454f:0xf6ade619c8ce9da1!8m2!3d-6.2497975!4d106.7761653!16s%2Fg%2F11s3bbfccf!19sChIJT0X_S4PxaS4RoZ3OyBnmrfY?authuser=0&hl=en&rclk=1
Taman Bendungan Asahan,Community garden,-6.2129667,106.8101879,https://www.google.com/maps/place/Taman+Bendungan+Asahan/data=!4m7!3m6!1s0x2e69f70e8db3c397:0x11a98825ccac0e89!8m2!3d-6.2129667!4d106.8101879!16s%2Fg%2F11h2g2cqly!19sChIJl8OzjQ73aS4RiQ6szCWIqRE?authuser=0&hl=en&rclk=1
Taman Bermain,Park,-6.3084774,106.8012644,https://www.google.com/maps/place/Taman+bermain/data=!4m7!3m6!1s0x2e69ef90ca7ddbe7:0xd5b10f420e8f51b9!8m2!3d-6.3084774!4d106.8012644!16s%2Fg%2F11jr_k2f6z!19sChIJ59t9ypDvaS4RuVGPDkIPsdU?authuser=0&hl=en&rclk=1
Taman Bermain,Garden,-6.1269718,106.7068222,https://www.google.com/maps/place/Taman+Bermain/data=!4m7!3m6!1s0x2e6a03f0708756ff:0xae044f3213d6179c!8m2!3d-6.1269718!4d106.7068222!16s%2Fg%2F11tc8nl0q6!19sChIJ_1aHcPADai4RnBfWEzJPBK4?authuser=0&hl=en&rclk=1
Taman Bermain Pura Melati Indah I,Park,-6.2937144,106.9119451,https://www.google.com/maps/place/Taman+Bermain+Pura+Melati+Indah+I/data=!4m7!3m6!1s0x2e69f2aad5c3b511:0x1e91c7b2fa08d72d!8m2!3d-6.2937144!4d106.9119451!16s%2Fg%2F11c1tb6kqy!19sChIJEbXD1aryaS4RLdcI-rLHkR4?authuser=0&hl=en&rclk=1
Taman Bermain Pura Melati Indah II,Park,-6.2961271,106.9130495,https://www.google.com/maps/place/Taman+Bermain+Pura+Melati+Indah+II/data=!4m7!3m6!1s0x2e698d5558093ad1:0x7b25a2a9c6a337d2!8m2!3d-6.2961271!4d106.9130495!16s%2Fg%2F11c1tb27rz!19sChIJ0ToJWFWNaS4R0jejxqmiJXs?authuser=0&hl=en&rclk=1
Taman bermain Salman akbar,Garden,-6.137834,106.7360006,https://www.google.com/maps/place/Taman+bermain+Salman+akbar/data=!4m7!3m6!1s0x2e6a1d08231db4c7:0x4f9a8424b3e6f807!8m2!3d-6.137834!4d106.7360006!16s%2Fg%2F11sn_8r5__!19sChIJx7QdIwgdai4RB_jmsySEmk8?authuser=0&hl=en&rclk=1
Taman bersatu,Garden,-6.1658558,106.720338,https://www.google.com/maps/place/Taman+bersatu/data=!4m7!3m6!1s0x2e69f9a0ee125177:0xb3c1e0a0f8232149!8m2!3d-6.1658558!4d106.720338!16s%2Fg%2F11jwvcxp6k!19sChIJd1ES7qD5aS4RSSEj-KDgwbM?authuser=0&hl=en&rclk=1
Taman Bhineka Tunggal Ika,Park,-6.1630622,106.91354,https://www.google.com/maps/place/Taman+Bhineka+Tunggal+Ika/data=!4m7!3m6!1s0x2e698acd5e711e31:0x1e8993175e45eab6!8m2!3d-6.1630622!4d106.91354!16s%2Fg%2F11dyqycz71!19sChIJMR5xXs2KaS4RtupFXheTiR4?authuser=0&hl=en&rclk=1
Taman Bhinneka Tunggal Ika,Park,-6.248052,106.8016231,https://www.google.com/maps/place/Taman+Bhinneka+Tunggal+Ika/data=!4m7!3m6!1s0x2e69f14649b1594f:0x8bccf9f231e8ecd!8m2!3d-6.248052!4d106.8016231!16s%2Fg%2F11fnslnftz!19sChIJT1mxSUbxaS4RzY4eI5_PvAg?authuser=0&hl=en&rclk=1
Taman Biduri,Park,-6.2177973,106.7802446,https://www.google.com/maps/place/Taman+Biduri/data=!4m7!3m6!1s0x2e69f7ccd3326c93:0x3a2c423e8ff8fb2a!8m2!3d-6.2177973!4d106.7802446!16s%2Fg%2F11q2q_bs1c!19sChIJk2wy08z3aS4RKvv4jz5CLDo?authuser=0&hl=en&rclk=1
Taman Bina Marga,Park,-12.507811,213.5582864,https://www.google.com/maps/place/Taman+Bina+Marga/data=!4m7!3m6!1s0x2e69f1f10a268b1b:0x319b7c68b65071ed!8m2!3d-6.2539055!4d106.7791432!16s%2Fg%2F11n86y84pp!19sChIJG4smCvHxaS4R7XFQtmh8mzE?authuser=0&hl=en&rclk=1
Taman BKT,City park,-6.2297751,106.9083257,https://www.google.com/maps/place/Taman+BKT/data=!4m7!3m6!1s0x2e69f34c7647b63b:0xd587987f2670fb6e!8m2!3d-6.2297751!4d106.9083257!16s%2Fg%2F11cmyz1pz7!19sChIJO7ZHdkzzaS4RbvtwJn-Yh9U?authuser=0&hl=en&rclk=1
Taman BKT Jakarta Timur Pd Bambu Raya,Park,-6.229822,106.8966079,https://www.google.com/maps/place/Taman+BKT+Jakarta+Timur+Pd+Bambu+Raya/data=!4m7!3m6!1s0x2e69f34425b11c25:0xf61edca34c44d6e9!8m2!3d-6.229822!4d106.8966079!16s%2Fg%2F11dyp6fkjw!19sChIJJRyxJUTzaS4R6dZETKPcHvY?authuser=0&hl=en&rclk=1
Taman Blok F,Park,-6.1959547,106.7497838,https://www.google.com/maps/place/Taman+Blok+F/data=!4m7!3m6!1s0x2e69f73d00e33265:0xe5f88f936a98c4fd!8m2!3d-6.1959547!4d106.7497838!16s%2Fg%2F11hgbnfbd3!19sChIJZTLjAD33aS4R_cSYapOP-OU?authuser=0&hl=en&rclk=1
Taman BMW,Park,-6.1263431,106.8558252,https://www.google.com/maps/place/Taman+BMW/data=!4m7!3m6!1s0x2e6a1e2fade2b873:0xa7e16d7ab40e15b9!8m2!3d-6.1263431!4d106.8558252!16s%2Fg%2F11cjjhg4k0!19sChIJc7jirS8eai4RuRUOtHpt4ac?authuser=0&hl=en&rclk=1
Taman Boediardjo,Park,-6.352251,106.9015389,https://www.google.com/maps/place/Taman+Boediardjo/data=!4m7!3m6!1s0x2e69ede569331c21:0xbf8083581c08d966!8m2!3d-6.352251!4d106.9015389!16s%2Fg%2F11fg4zh8z9!19sChIJIRwzaeXtaS4RZtkIHFiDgL8?authuser=0&hl=en&rclk=1
Taman Bola Matoa,Park,-6.3542434,106.7936606,https://www.google.com/maps/place/Taman+Bola+Matoa/data=!4m7!3m6!1s0x2e69ef20e2421a83:0x7a4cd757f809a69a!8m2!3d-6.3542434!4d106.7936606!16s%2Fg%2F11p12mw0n5!19sChIJgxpC4iDvaS4RmqYJ-FfXTHo?authuser=0&hl=en&rclk=1
Taman BPN Kembangan,City park,-6.1796643,106.7430135,https://www.google.com/maps/place/Taman+BPN+Kembangan/data=!4m7!3m6!1s0x2e69f775925fcbd5:0x4aa467edc4e3e86a!8m2!3d-6.1796643!4d106.7430135!16s%2Fg%2F11fylscsgv!19sChIJ1ctfknX3aS4RaujjxO1npEo?authuser=0&hl=en&rclk=1
Taman Bronbeek,Park,-6.2066225,106.8661142,https://www.google.com/maps/place/Taman+Bronbeek/data=!4m7!3m6!1s0x2e69f487eeb1185f:0x945934da4a2ee435!8m2!3d-6.2066225!4d106.8661142!16s%2Fg%2F11cp5dnck6!19sChIJXxix7of0aS4RNeQuSto0WZQ?authuser=0&hl=en&rclk=1
Taman Budaya Tionghoa,Park,-6.3039002,106.9029141,https://www.google.com/maps/place/Taman+Budaya+Tionghoa/data=!4m7!3m6!1s0x2e69ed50fc89ac4f:0x32dcbfe374fc7909!8m2!3d-6.3039002!4d106.9029141!16s%2Fg%2F11bw4cs_fd!19sChIJT6yJ_FDtaS4RCXn8dOO_3DI?authuser=0&hl=en&rclk=1
Taman Bulak Rantai,Park,-6.2835578,106.8683737,https://www.google.com/maps/place/Taman+Bulak+Rantai/data=!4m7!3m6!1s0x2e69f28970e1dc0d:0x2360bd6a9f48a5a2!8m2!3d-6.2835578!4d106.8683737!16s%2Fg%2F11c6c9f5j5!19sChIJDdzhcInyaS4RoqVIn2q9YCM?authuser=0&hl=en&rclk=1
Taman Bulus Bali,Park,-6.3043165,106.7896199,https://www.google.com/maps/place/Taman+Bulus+Bali/data=!4m7!3m6!1s0x2e69ef3a452a9375:0x8f6d4b933e02bbe3!8m2!3d-6.3043165!4d106.7896199!16s%2Fg%2F11h3bnfm1y!19sChIJdZMqRTrvaS4R47sCPpNLbY8?authuser=0&hl=en&rclk=1
Taman bumi bintaro permai,Garden,-6.2656668,106.7544183,https://www.google.com/maps/place/Taman+bumi+bintaro+permai/data=!4m7!3m6!1s0x2e69f1ef5d44013d:0xb89840d31b1a4e55!8m2!3d-6.2656668!4d106.7544183!16s%2Fg%2F11pcsc67n5!19sChIJPQFEXe_xaS4RVU4aG9NAmLg?authuser=0&hl=en&rclk=1
Taman Burung TMII,Park,-6.3006394,106.9036959,https://www.google.com/maps/place/Taman+Burung+TMII/data=!4m7!3m6!1s0x2e69ed2a54828697:0xece76f24c01269e8!8m2!3d-6.3006394!4d106.9036959!16s%2Fg%2F1tp4lj67!19sChIJl4aCVCrtaS4R6GkSwCRv5-w?authuser=0&hl=en&rclk=1
Taman Butjin,Park,-6.2458247,106.8154415,https://www.google.com/maps/place/Taman+Butjin/data=!4m7!3m6!1s0x2e69f14559f53309:0xafec0365af3300cf!8m2!3d-6.2458247!4d106.8154415!16s%2Fg%2F11jw49xc06!19sChIJCTP1WUXxaS4RzwAzr2UD7K8?authuser=0&hl=en&rclk=1
Taman Cakung,Park,-6.1903276,106.9690161,https://www.google.com/maps/place/Taman+Cakung/data=!4m7!3m6!1s0x2e698b9965f0ac69:0x5ae1ee1687e2a500!8m2!3d-6.1903276!4d106.9690161!16s%2Fg%2F11c72l1gn5!19sChIJaazwZZmLaS4RAKXihxbu4Vo?authuser=0&hl=en&rclk=1
Taman Cassia,Park,-6.2006438,106.9521162,https://www.google.com/maps/place/Taman+Cassia/data=!4m7!3m6!1s0x2e698b70e0b8b317:0x4df5b3a69dcad380!8m2!3d-6.2006438!4d106.9521162!16s%2Fg%2F11b7ysm6p0!19sChIJF7O44HCLaS4RgNPKnaaz9U0?authuser=0&hl=en&rclk=1
Taman Casuarina,Park,-6.3571307,106.7995679,https://www.google.com/maps/place/Taman+Casuarina/data=!4m7!3m6!1s0x2e69ee941a2c36cd:0x53ad4da57fa382f8!8m2!3d-6.3571307!4d106.7995679!16s%2Fg%2F11c1njpddw!19sChIJzTYsGpTuaS4R-IKjf6VNrVM?authuser=0&hl=en&rclk=1
Taman Cawang,City park,-6.2561535,106.8713264,https://www.google.com/maps/place/Taman+Cawang/data=!4m7!3m6!1s0x2e69f302047e5d8b:0xd843ede4cf9681d5!8m2!3d-6.2561535!4d106.8713264!16s%2Fg%2F11f125n3dp!19sChIJi11-BALzaS4R1YGWz-TtQ9g?authuser=0&hl=en&rclk=1
Taman Cempaka Putih Tengah,Park,-6.1701293,106.8735692,https://www.google.com/maps/place/Taman+Cempaka+Putih+Tengah/data=!4m7!3m6!1s0x2e69f5654c1ba3a3:0xe7b0a8bdc1ec31e2!8m2!3d-6.1701293!4d106.8735692!16s%2Fg%2F11rrjb15r4!19sChIJo6MbTGX1aS4R4jHswb2osOc?authuser=0&hl=en&rclk=1
Taman Ceria,Park,-6.3240924,106.8755733,https://www.google.com/maps/place/Taman+Ceria/data=!4m7!3m6!1s0x2e69edccf92caedb:0xc667fef8217daf1a!8m2!3d-6.3240924!4d106.8755733!16s%2Fg%2F11jdrqdwxy!19sChIJ264s-cztaS4RGq99Ifj-Z8Y?authuser=0&hl=en&rclk=1
Taman Cilamaya,Park,-6.1779769,106.810222,https://www.google.com/maps/place/Taman+Cilamaya/data=!4m7!3m6!1s0x2e69f6876ba5caff:0x9ddf9345dd5514cc!8m2!3d-6.1779769!4d106.810222!16s%2Fg%2F11dyny8qqv!19sChIJ_8qla4f2aS4RzBRV3UWT350?authuser=0&hl=en&rclk=1
Taman Cinta,Garden,-6.2534996,106.9233752,https://www.google.com/maps/place/Taman+Cinta/data=!4m7!3m6!1s0x2e698cd7f2cd62f9:0xf8517e6bf1c6a555!8m2!3d-6.2534996!4d106.9233752!16s%2Fg%2F11dfj2cc6_!19sChIJ-WLN8teMaS4RVaXG8Wt-Ufg?authuser=0&hl=en&rclk=1
Taman Cio,Park,-6.256959,106.7844504,https://www.google.com/maps/place/Taman+Cio/data=!4m7!3m6!1s0x2e69f1ac5d573a83:0xce60b186aa970aa1!8m2!3d-6.256959!4d106.7844504!16s%2Fg%2F11r2q_gkkd!19sChIJgzpXXazxaS4RoQqXqoaxYM4?authuser=0&hl=en&rclk=1
Taman Cipinang Elok Blok AV,Park,-6.2261833,106.8857183,https://www.google.com/maps/place/Taman+Cipinang+Elok+Blok+AV/data=!4m7!3m6!1s0x2e69f36862a5d3db:0xda262d3066d2b8d!8m2!3d-6.2261833!4d106.8857183!16s%2Fg%2F11c17frlv1!19sChIJ29OlYmjzaS4RjSttBtNiog0?authuser=0&hl=en&rclk=1
Taman Ciracas Ceria,City park,-6.3228397,106.8760632,https://www.google.com/maps/place/Taman+Ciracas+Ceria/data=!4m7!3m6!1s0x2e69edd0093ff8ed:0x4b70e98508c64b7a!8m2!3d-6.3228397!4d106.8760632!16s%2Fg%2F11fvllbf9v!19sChIJ7fg_CdDtaS4RekvGCIXpcEs?authuser=0&hl=en&rclk=1
Taman Cluster Alamanda JGC - Jakarta Garden City,Park,-6.1794809,106.9599637,https://www.google.com/maps/place/Taman+Cluster+Alamanda+JGC+-+Jakarta+Garden+City/data=!4m7!3m6!1s0x2e698ba9d3a4c69d:0x74a6e75e00dd9cf9!8m2!3d-6.1794809!4d106.9599637!16s%2Fg%2F11gdgcxp8w!19sChIJncak06mLaS4R-ZzdAF7npnQ?authuser=0&hl=en&rclk=1
Taman Cluster Tampak Siring,Community garden,-6.1493175,106.7092197,https://www.google.com/maps/place/Taman+Cluster+Tampak+Siring/data=!4m7!3m6!1s0x2e69f80fd6f0d1ff:0xf389cc5c950dc4b7!8m2!3d-6.1493175!4d106.7092197!16s%2Fg%2F11cjj4gt5z!19sChIJ_9Hw1g_4aS4Rt8QNlVzMifM?authuser=0&hl=en&rclk=1
Taman Cornel Simanjuntak,Park,-6.2377284,106.8735531,https://www.google.com/maps/place/Taman+Cornel+Simanjuntak/data=!4m7!3m6!1s0x2e69f30cdbe17b0f:0xb54ca30161d5d7bc!8m2!3d-6.2377284!4d106.8735531!16s%2Fg%2F11b8v62xf8!19sChIJD3vh2wzzaS4RvNfVYQGjTLU?authuser=0&hl=en&rclk=1
Taman Dadap Merah,City park,-6.318281,106.831155,https://www.google.com/maps/place/Taman+Dadap+Merah/data=!4m7!3m6!1s0x2e69ede8671a4a0b:0xab05401e18ac44f6!8m2!3d-6.318281!4d106.831155!16s%2Fg%2F11b6d0k25f!19sChIJC0oaZ-jtaS4R9kSsGB5ABas?authuser=0&hl=en&rclk=1
Taman DAFICI,Garden,-6.3542797,106.8013714,https://www.google.com/maps/place/Taman+DAFICI/data=!4m7!3m6!1s0x2e69effa73ff1fe9:0x6788e2a5f45786d0!8m2!3d-6.3542797!4d106.8013714!16s%2Fg%2F11tn4d99rs!19sChIJ6R__c_rvaS4R0IZX9KXiiGc?authuser=0&hl=en&rclk=1
Taman Dakota,Garden,-6.1533897,106.8549833,https://www.google.com/maps/place/Taman+Dakota/data=!4m7!3m6!1s0x2e69f5b5300674f3:0xaf8b891996f8030b!8m2!3d-6.1533897!4d106.8549833!16s%2Fg%2F11jbggm95q!19sChIJ83QGMLX1aS4RCwP4lhmJi68?authuser=0&hl=en&rclk=1
Taman Danau Buyan,Park,-6.208683,106.809424,https://www.google.com/maps/place/Taman+Danau+Buyan/data=!4m7!3m6!1s0x2e69f75a59b6dba5:0xfa02e7cca1564df3!8m2!3d-6.208683!4d106.809424!16s%2Fg%2F11qnbnhskw!19sChIJpdu2WVr3aS4R801WocznAvo?authuser=0&hl=en&rclk=1
Taman Danau Dampelas,Park,-6.208761,106.8092365,https://www.google.com/maps/place/Taman+Danau+Dampelas/data=!4m7!3m6!1s0x2e69f7e911eaa933:0xc879a4120b4db80!8m2!3d-6.208761!4d106.8092365!16s%2Fg%2F11fsb6109b!19sChIJM6nqEen3aS4RgNu0IEGahww?authuser=0&hl=en&rclk=1
Taman Danau Sunter,Garden,-6.1457784,106.8764635,https://www.google.com/maps/place/Taman+Danau+Sunter/data=!4m7!3m6!1s0x2e69f570241dd7a7:0xea8e7e7bdb160b38!8m2!3d-6.1457784!4d106.8764635!16s%2Fg%2F11f4pbz1gg!19sChIJp9cdJHD1aS4ROAsW23t-juo?authuser=0&hl=en&rclk=1
taman d'batavia wedding,Garden,-6.3493047,106.811844,https://www.google.com/maps/place/taman+d'batavia+wedding/data=!4m7!3m6!1s0x2e69ef2b93ca6f0d:0x6db41e801f96ac4!8m2!3d-6.3493047!4d106.811844!16s%2Fg%2F11sg_kw033!19sChIJDW_KkyvvaS4RxGr5AehB2wY?authuser=0&hl=en&rclk=1
Taman Delok,Park,-6.2471853,106.7686413,https://www.google.com/maps/place/Taman+Delok/data=!4m7!3m6!1s0x2e69f1ab8775654f:0x6087505969c53ba3!8m2!3d-6.2471853!4d106.7686413!16s%2Fg%2F11pd1rf9rc!19sChIJT2V1h6vxaS4RozvFaVlQh2A?authuser=0&hl=en&rclk=1
Taman Delonix Jakarta Timur,Park,-6.3469262,106.869528,https://www.google.com/maps/place/Taman+Delonix+Jakarta+Timur/data=!4m7!3m6!1s0x2e69ed9f579af847:0x79d312a4ddc2276a!8m2!3d-6.3469262!4d106.869528!16s%2Fg%2F11hf2jhwmr!19sChIJR_iaV5_taS4RaifC3aQS03k?authuser=0&hl=en&rclk=1
Taman depan stasiun Manggarai,Park,-6.2102095,106.8510633,https://www.google.com/maps/place/Taman+depan+stasiun+Manggarai/data=!4m7!3m6!1s0x2e69f5263e5c5a7f:0x74d923e1dec532d!8m2!3d-6.2102095!4d106.8510633!16s%2Fg%2F11h59ykp0v!19sChIJf1pcPib1aS4RLVPsHT6STQc?authuser=0&hl=en&rclk=1
Taman Diponegoro,City park,-6.1988882,106.8464859,https://www.google.com/maps/place/Taman+Diponegoro/data=!4m7!3m6!1s0x2e69f46bcdb6101b:0x8d1402322cf2c3b6!8m2!3d-6.1988882!4d106.8464859!16s%2Fg%2F11c485s593!19sChIJGxC2zWv0aS4RtsPyLDICFI0?authuser=0&hl=en&rclk=1
Taman Dr. Wahidin,Park,-12.3347252,213.6783662,https://www.google.com/maps/place/Taman+Dr.+Wahidin/data=!4m7!3m6!1s0x2e69f5c85b508c1d:0xa57e5a774824889a!8m2!3d-6.1673626!4d106.8391831!16s%2Fg%2F11bc7n76cq!19sChIJHYxQW8j1aS4RmogkSHdafqU?authuser=0&hl=en&rclk=1
Taman Dukuh,Park,-6.301457,106.876006,https://www.google.com/maps/place/Taman+Dukuh/data=!4m7!3m6!1s0x2e69ed7c511ea7db:0x50f73e8b51f9335c!8m2!3d-6.301457!4d106.876006!16s%2Fg%2F11h3bp8dx6!19sChIJ26ceUXztaS4RXDP5UYs-91A?authuser=0&hl=en&rclk=1
Taman Dukuh Atas,City park,-6.2042816,106.8227482,https://www.google.com/maps/place/Taman+Dukuh+Atas/data=!4m7!3m6!1s0x2e69f56fb112f3af:0xe3147372bac5152e!8m2!3d-6.2042816!4d106.8227482!16s%2Fg%2F11hz782flv!19sChIJr_MSsW_1aS4RLhXFunJzFOM?authuser=0&hl=en&rclk=1
Taman Eden,Park,-6.1512782,106.9067785,https://www.google.com/maps/place/Taman+Eden/data=!4m7!3m6!1s0x2e69f54a2f276e1f:0x199fffb34f42f859!8m2!3d-6.1512782!4d106.9067785!16s%2Fg%2F11c0rn5d51!19sChIJH24nL0r1aS4RWfhCT7P_nxk?authuser=0&hl=en&rclk=1
TAMAN EDUKASI Oi (Budidaya Tanaman Anggur),Garden,-6.2307017,106.90296,https://www.google.com/maps/place/TAMAN+EDUKASI+Oi+(Budidaya+Tanaman+Anggur)/data=!4m7!3m6!1s0x2e69f379d67ce3cf:0x314ef0c959316008!8m2!3d-6.2307017!4d106.90296!16s%2Fg%2F11rqkxhvtx!19sChIJz-N81nnzaS4RCGAxWcnwTjE?authuser=0&hl=en&rclk=1
Taman Firdaus,Park,-12.4416432,213.6681792,https://www.google.com/maps/place/Taman+Firdaus/data=!4m7!3m6!1s0x2e69f3f6bffbea03:0x755ca8b7802f0afd!8m2!3d-6.2208216!4d106.8340896!16s%2Fg%2F11f_j08tts!19sChIJA-r7v_bzaS4R_QovgLeoXHU?authuser=0&hl=en&rclk=1
Taman Flamboyan,Garden,-6.2155891,106.8236136,https://www.google.com/maps/place/Taman+Flamboyan/data=!4m7!3m6!1s0x2e69f512027b2bff:0xc09b749fd0b72ab3!8m2!3d-6.2155891!4d106.8236136!16s%2Fg%2F11gh5z2ml9!19sChIJ_yt7AhL1aS4Rsyq30J90m8A?authuser=0&hl=en&rclk=1
Taman Gandaria Tengah,Park,-6.2448085,106.7900648,https://www.google.com/maps/place/Taman+Gandaria+Tengah/data=!4m7!3m6!1s0x2e69f113ed4c6f2f:0x49dc5f4398fb838e!8m2!3d-6.2448085!4d106.7900648!16s%2Fg%2F11c4766d55!19sChIJL29M7RPxaS4RjoP7mENf3Ek?authuser=0&hl=en&rclk=1
Taman Gang Buaya,Park,-6.1648156,106.77088,https://www.google.com/maps/place/Taman+Gang+Buaya/data=!4m7!3m6!1s0x2e69f789a1e074e5:0xa829e40710a2cf41!8m2!3d-6.1648156!4d106.77088!16s%2Fg%2F11hz6dx5gz!19sChIJ5XTgoYn3aS4RQc-iEAfkKag?authuser=0&hl=en&rclk=1
Taman Gantara (Gandaria Utara),Garden,-6.261043,106.7905903,https://www.google.com/maps/place/Taman+Gantara+(Gandaria+Utara)/data=!4m7!3m6!1s0x2e69f1f4177f3b13:0x24e028cae5987681!8m2!3d-6.261043!4d106.7905903!16s%2Fg%2F11q94176rz!19sChIJEzt_F_TxaS4RgXaY5coo4CQ?authuser=0&hl=en&rclk=1
Taman Gintung Tanjung Barat,Park,-6.3142958,106.8480632,https://www.google.com/maps/place/Taman+Gintung+Tanjung+Barat/data=!4m7!3m6!1s0x2e69ed81e02a0c4b:0x953d830a164e03da!8m2!3d-6.3142958!4d106.8480632!16s%2Fg%2F11h_24s3gj!19sChIJSwwq4IHtaS4R2gNOFgqDPZU?authuser=0&hl=en&rclk=1
Taman Gondangdia,Garden,-12.3896682,213.6661172,https://www.google.com/maps/place/Taman+Gondangdia/data=!4m7!3m6!1s0x2e69f5da0ccf62c9:0x6d02e93ed3f373b8!8m2!3d-6.1948341!4d106.8330586!16s%2Fg%2F11ghp5ll1m!19sChIJyWLPDNr1aS4RuHPz0z7pAm0?authuser=0&hl=en&rclk=1
Taman Green Garden,Garden,-6.1706607,106.752129,https://www.google.com/maps/place/Taman+Green+Garden/data=!4m7!3m6!1s0x2e69f7969099a955:0x7ef7fb2152e03b87!8m2!3d-6.1706607!4d106.752129!16s%2Fg%2F11hzw4cvnj!19sChIJVamZkJb3aS4RhzvgUiH7934?authuser=0&hl=en&rclk=1
Taman H. Biin,Park,-6.126394,106.716963,https://www.google.com/maps/place/Taman+H.+Biin/data=!4m7!3m6!1s0x2e6a03f07b14ad17:0x424a920bf2f33b0b!8m2!3d-6.126394!4d106.716963!16s%2Fg%2F11l8lcp0b_!19sChIJF60Ue_ADai4RCzvz8guSSkI?authuser=0&hl=en&rclk=1
Taman Hangtuah,City park,-6.2347871,106.7972703,https://www.google.com/maps/place/Taman+Hangtuah/data=!4m7!3m6!1s0x2e69f148670899f5:0x98ba7ea76baa65f3!8m2!3d-6.2347871!4d106.7972703!16s%2Fg%2F11f5q7b9_8!19sChIJ9ZkIZ0jxaS4R82Wqa6d-upg?authuser=0&hl=en&rclk=1
Taman Hasbah,Park,-6.233031,106.8561015,https://www.google.com/maps/place/Taman+Hasbah/data=!4m7!3m6!1s0x2e69f399a08ca1bd:0x8e2936b0a61baa94!8m2!3d-6.233031!4d106.8561015!16s%2Fg%2F11bwp2kbx6!19sChIJvaGMoJnzaS4RlKobprA2KY4?authuser=0&hl=en&rclk=1
Taman Hijau,Park,-6.1336153,106.7175453,https://www.google.com/maps/place/Taman+Hijau/data=!4m7!3m6!1s0x2e6a02aeaa015c03:0xe1baec96eeab8e40!8m2!3d-6.1336153!4d106.7175453!16s%2Fg%2F11g86nltx8!19sChIJA1wBqq4Cai4RQI6r7pbsuuE?authuser=0&hl=en&rclk=1
Taman Hutan Kota Tebet,City park,-6.2400781,106.8528222,https://www.google.com/maps/place/Taman+Hutan+Kota+Tebet/data=!4m7!3m6!1s0x2e69f3bcce6d8b39:0x1f37e39d760e6751!8m2!3d-6.2400781!4d106.8528222!16s%2Fg%2F11f_6n5g_7!19sChIJOYttzrzzaS4RUWcOdp3jNx8?authuser=0&hl=en&rclk=1
Taman Impian Jaya Ancol,Park,-6.1173332,106.8579951,https://www.google.com/maps/place/Taman+Impian+Jaya+Ancol/data=!4m7!3m6!1s0x2e6a1e36f7d35d57:0x7185c13d06491a96!8m2!3d-6.1173332!4d106.8579951!16s%2Fg%2F11cjk2c8t1!19sChIJV13T9zYeai4RlhpJBj3BhXE?authuser=0&hl=en&rclk=1
Taman Indah Bersama,Garden,-6.150597,106.9172445,https://www.google.com/maps/place/Taman+Indah+Bersama/data=!4m7!3m6!1s0x2e698bf1a2cdfd8d:0x99763bb1d4a8a414!8m2!3d-6.150597!4d106.9172445!16s%2Fg%2F11rty54n9r!19sChIJjf3NovGLaS4RFKSo1LE7dpk?authuser=0&hl=en&rclk=1
Taman Inspirasi Rw04 Ciracas,Garden,-6.3349594,106.8741856,https://www.google.com/maps/place/Taman+Inspirasi+Rw04+Ciracas/data=!4m7!3m6!1s0x2e69edea0f86a9f9:0xbfbc0ea4859fb89b!8m2!3d-6.3349594!4d106.8741856!16s%2Fg%2F11qgsm6glt!19sChIJ-amGD-rtaS4Rm7ifhaQOvL8?authuser=0&hl=en&rclk=1
Taman intan,Park,-6.1621699,106.8665349,https://www.google.com/maps/place/Taman+intan/data=!4m7!3m6!1s0x2e69f5b2c4039f8d:0x83ccd4f7385aefda!8m2!3d-6.1621699!4d106.8665349!16s%2Fg%2F11j0hvww60!19sChIJjZ8DxLL1aS4R2u9aOPfUzIM?authuser=0&hl=en&rclk=1
Taman Jagakarsa,Park,-6.3178945,106.8409269,https://www.google.com/maps/place/Taman+Jagakarsa/data=!4m7!3m6!1s0x2e69edeab6f9f7d1:0x22cecb048f13dc12!8m2!3d-6.3178945!4d106.8409269!16s%2Fg%2F11bzypm41f!19sChIJ0ff5turtaS4REtwTjwTLziI?authuser=0&hl=en&rclk=1
Taman Janggrek,Park,-6.3035903,106.8404622,https://www.google.com/maps/place/Taman+Janggrek/data=!4m7!3m6!1s0x2e69edbdf6623c53:0x3a9c633902b21652!8m2!3d-6.3035903!4d106.8404622!16s%2Fg%2F11td_91q9_!19sChIJUzxi9r3taS4RUhayAjljnDo?authuser=0&hl=en&rclk=1
Taman Janur Indah,Park,-6.1567848,106.9068019,https://www.google.com/maps/place/Taman+Janur+Indah/data=!4m7!3m6!1s0x2e69f5342414e367:0xbc97b81596fc14f0!8m2!3d-6.1567848!4d106.9068019!16s%2Fg%2F11b6xkbms3!19sChIJZ-MUJDT1aS4R8BT8lhW4l7w?authuser=0&hl=en&rclk=1
Taman Jatinegara Indah,Garden,-6.2021633,106.9261319,https://www.google.com/maps/place/Taman+Jatinegara+Indah/data=!4m7!3m6!1s0x2e698b1b4c2c563d:0x3e427460205e68f6!8m2!3d-6.2021633!4d106.9261319!16s%2Fg%2F11n32l3zz1!19sChIJPVYsTBuLaS4R9mheIGB0Qj4?authuser=0&hl=en&rclk=1
Taman Jelambar Kav Polri Blok A,Park,-6.1558252,106.7838826,https://www.google.com/maps/place/Taman+Jelambar+Kav+Polri+Blok+A/data=!4m7!3m6!1s0x2e69f6383e207983:0xb9e97ed8f60a59ab!8m2!3d-6.1558252!4d106.7838826!16s%2Fg%2F11cp5j460q!19sChIJg3kgPjj2aS4Rq1kK9th-6bk?authuser=0&hl=en&rclk=1
Taman jelambar madya timur 2b,Park,-6.1546267,106.786637,https://www.google.com/maps/place/Taman+jelambar+madya+timur+2b/data=!4m7!3m6!1s0x2e69f7747436ead9:0x55ed51abd6d2ae3e!8m2!3d-6.1546267!4d106.786637!16s%2Fg%2F11fnxr96xr!19sChIJ2eo2dHT3aS4RPq7S1qtR7VU?authuser=0&hl=en&rclk=1
Taman Jenggala,Park,-6.2308839,106.8020724,https://www.google.com/maps/place/Taman+Jenggala/data=!4m7!3m6!1s0x2e69f1444c935007:0xb185a0c3e66831f8!8m2!3d-6.2308839!4d106.8020724!16s%2Fg%2F11gdzlc1_x!19sChIJB1CTTETxaS4R-DFo5sOghbE?authuser=0&hl=en&rclk=1
Taman Jeruk 2,Park,-6.1617792,106.7395734,https://www.google.com/maps/place/Taman+Jeruk+2/data=!4m7!3m6!1s0x2e69f7cbafd6060d:0xcc4741db0ac6212f!8m2!3d-6.1617792!4d106.7395734!16s%2Fg%2F11hk6wprqp!19sChIJDQbWr8v3aS4RLyHGCttBR8w?authuser=0&hl=en&rclk=1
Taman Jogging II Kelapa Gading,Park,-6.1616654,106.9064637,https://www.google.com/maps/place/Taman+Jogging+II+Kelapa+Gading/data=!4m7!3m6!1s0x2e69f5317800c473:0x7ea9d399cb7b44b9!8m2!3d-6.1616654!4d106.9064637!16s%2Fg%2F11c1nbg_ft!19sChIJc8QAeDH1aS4RuUR7y5nTqX4?authuser=0&hl=en&rclk=1
Taman Joging,Park,-6.1388049,106.9195801,https://www.google.com/maps/place/Taman+Joging/data=!4m7!3m6!1s0x2e698aaebf956f0b:0xe53ce87ff68bba5f!8m2!3d-6.1388049!4d106.9195801!16s%2Fg%2F11c1smzj4j!19sChIJC2-Vv66KaS4RX7qL9n_oPOU?authuser=0&hl=en&rclk=1
Taman Joglo,Park,-6.2198381,106.7319988,https://www.google.com/maps/place/Taman+Joglo/data=!4m7!3m6!1s0x2e69f753295dac2b:0x8a76f9ffbeb1309!8m2!3d-6.2198381!4d106.7319988!16s%2Fg%2F11f2j0_zjk!19sChIJK6xdKVP3aS4RCRPr-59vpwg?authuser=0&hl=en&rclk=1
Taman Juang I,Park,-6.1796136,106.8052968,https://www.google.com/maps/place/Taman+Juang+I/data=!4m7!3m6!1s0x2e69f732a791db21:0xd935c01206574b3b!8m2!3d-6.1796136!4d106.8052968!16s%2Fg%2F11tg0m54bh!19sChIJIduRpzL3aS4RO0tXBhLANdk?authuser=0&hl=en&rclk=1
Taman kamboja plaza kalibata,Garden,-6.2569183,106.8546451,https://www.google.com/maps/place/Taman+kamboja+plaza+kalibata/data=!4m7!3m6!1s0x2e69f3fc69339b59:0x66f81a4ea9782d65!8m2!3d-6.2569183!4d106.8546451!16s%2Fg%2F11rwq164dg!19sChIJWZszafzzaS4RZS14qU4a-GY?authuser=0&hl=en&rclk=1
Taman Kanak-kanak Kartika X-5,Park,-6.287187,106.855544,https://www.google.com/maps/place/Taman+Kanak-kanak+Kartika+X-5/data=!4m7!3m6!1s0x2e69f2652f8ad24f:0xba33a40a91a89d9b!8m2!3d-6.287187!4d106.855544!16s%2Fg%2F11j6_g77l7!19sChIJT9KKL2XyaS4Rm52okQqkM7o?authuser=0&hl=en&rclk=1
"Taman Kanak-kanak Tadika Puri, Jl. Malaka I",Park,-6.264057,106.789713,"https://www.google.com/maps/place/Taman+Kanak-kanak+Tadika+Puri,+Jl.+Malaka+I/data=!4m7!3m6!1s0x2e69f1a15ddd20c1:0xd60cac593c0d963e!8m2!3d-6.264057!4d106.789713!16s%2Fg%2F11jb7ygjyc!19sChIJwSDdXaHxaS4RPpYNPFmsDNY?authuser=0&hl=en&rclk=1"
Taman Kasia,City park,-6.3201685,106.8944826,https://www.google.com/maps/place/Taman+Kasia/data=!4m7!3m6!1s0x2e69eddb912f1e41:0xc88803fe65a02990!8m2!3d-6.3201685!4d106.8944826!16s%2Fg%2F11j0nfd5v5!19sChIJQR4vkdvtaS4RkCmgZf4DiMg?authuser=0&hl=en&rclk=1
Taman Kebagusan,Garden,-6.3010192,106.82809,https://www.google.com/maps/place/Taman+Kebagusan/data=!4m7!3m6!1s0x2e69edf840d67ca1:0xc964ba63937feafe!8m2!3d-6.3010192!4d106.82809!16s%2Fg%2F11gf9q789s!19sChIJoXzWQPjtaS4R_up_k2O6ZMk?authuser=0&hl=en&rclk=1
Taman kebagusan raya,Park,-6.3260835,106.8237893,https://www.google.com/maps/place/Taman+kebagusan+raya/data=!4m7!3m6!1s0x2e69edeefd92fe41:0x13b6d1ceb8bec7ad!8m2!3d-6.3260835!4d106.8237893!16s%2Fg%2F11h_bnmf8m!19sChIJQf6S_e7taS4Rrce-uM7RthM?authuser=0&hl=en&rclk=1
Taman Kebon Jeruk (Rumah Pohon),Park,-6.1909805,106.7687367,https://www.google.com/maps/place/Taman+Kebon+Jeruk+(Rumah+Pohon)/data=!4m7!3m6!1s0x2e69f73e30091727:0xff6f913d3b3c4286!8m2!3d-6.1909805!4d106.7687367!16s%2Fg%2F11h9bgrcxs!19sChIJJxcJMD73aS4RhkI8Oz2Rb_8?authuser=0&hl=en&rclk=1
Taman Kebon Mede,Park,-6.0969508,106.706402,https://www.google.com/maps/place/Taman+Kebon+Mede/data=!4m7!3m6!1s0x2e6a032730cba09f:0x71d56912550e686d!8m2!3d-6.0969508!4d106.706402!16s%2Fg%2F11gbk38h5g!19sChIJn6DLMCcDai4RbWgOVRJp1XE?authuser=0&hl=en&rclk=1
Taman kecil helikopter,City park,-6.196635,106.7460712,https://www.google.com/maps/place/Taman+kecil+helikopter/data=!4m7!3m6!1s0x2e69f77bf87201a5:0xb77a8407d7985c04!8m2!3d-6.196635!4d106.7460712!16s%2Fg%2F11fl1rwybr!19sChIJpQFy-Hv3aS4RBFyY1weEerc?authuser=0&hl=en&rclk=1
Taman Kelinci,Garden,-6.1937545,106.8741796,https://www.google.com/maps/place/Taman+Kelinci/data=!4m7!3m6!1s0x2e69f5bf7e5bd415:0x1c16860a072673bb!8m2!3d-6.1937545!4d106.8741796!16s%2Fg%2F11lk2qfj2q!19sChIJFdRbfr_1aS4Ru3MmBwqGFhw?authuser=0&hl=en&rclk=1
Taman Kenangan Food,Garden,-6.3367412,106.7947681,https://www.google.com/maps/place/Taman+Kenangan+Food/data=!4m7!3m6!1s0x2e69efc8f5a346c3:0x5f40c5203a9b5ac4!8m2!3d-6.3367412!4d106.7947681!16s%2Fg%2F11tp88vz5v!19sChIJw0aj9cjvaS4RxFqbOiDFQF8?authuser=0&hl=en&rclk=1
taman kencana,Park,-6.1267723,106.7280218,https://www.google.com/maps/place/taman+kencana/data=!4m7!3m6!1s0x2e6a1d4947729a85:0xd2573936e571f777!8m2!3d-6.1267723!4d106.7280218!16s%2Fg%2F11f2wf85jr!19sChIJhZpyR0kdai4Rd_dx5TY5V9I?authuser=0&hl=en&rclk=1
Taman Kerinduan,Garden,-6.1333053,106.9023817,https://www.google.com/maps/place/Taman+Kerinduan/data=!4m7!3m6!1s0x2e69f528619ab431:0x252d2f78508123f8!8m2!3d-6.1333053!4d106.9023817!16s%2Fg%2F11t107qc52!19sChIJMbSaYSj1aS4R-COBUHgvLSU?authuser=0&hl=en&rclk=1
Taman Kesenian,Community garden,-6.2259902,106.9048151,https://www.google.com/maps/place/Taman+Kesenian/data=!4m7!3m6!1s0x2e69f34e3fccd773:0xb432ffa4657b5bab!8m2!3d-6.2259902!4d106.9048151!16s%2Fg%2F11b_03b0t6!19sChIJc9fMP07zaS4Rq1t7ZaT_MrQ?authuser=0&hl=en&rclk=1
Taman Kodam Jaya,City park,-6.3114953,106.859422,https://www.google.com/maps/place/Taman+Kodam+Jaya/data=!4m7!3m6!1s0x2e69ed70c1fa8715:0x8ac5d57130458488!8m2!3d-6.3114953!4d106.859422!16s%2Fg%2F11h3brffc5!19sChIJFYf6wXDtaS4RiIRFMHHVxYo?authuser=0&hl=en&rclk=1
Taman Kodok Menteng,Park,-6.1974418,106.8298288,https://www.google.com/maps/place/Taman+Kodok+Menteng/data=!4m7!3m6!1s0x2e69f417f716ed57:0xd42d9f2844930994!8m2!3d-6.1974418!4d106.8298288!16s%2Fg%2F11cjhzxddf!19sChIJV-0W9xf0aS4RlAmTRCifLdQ?authuser=0&hl=en&rclk=1
Taman Kolong Tol Joglo,Park,-6.2182586,106.7453031,https://www.google.com/maps/place/Taman+Kolong+Tol+Joglo/data=!4m7!3m6!1s0x2e69f75a0acc042b:0x59d511d12a774aed!8m2!3d-6.2182586!4d106.7453031!16s%2Fg%2F11h7rt1b9p!19sChIJKwTMClr3aS4R7Up3KtER1Vk?authuser=0&hl=en&rclk=1
Taman Komodo,Park,-6.1942252,106.7940925,https://www.google.com/maps/place/Taman+Komodo/data=!4m7!3m6!1s0x2e69f6eb34f236b5:0x9a4b65bf5ae41612!8m2!3d-6.1942252!4d106.7940925!16s%2Fg%2F11cnd4cs_c!19sChIJtTbyNOv2aS4REhbkWr9lS5o?authuser=0&hl=en&rclk=1
Taman Komp.Kejagung,Park,-6.2829848,106.8392083,https://www.google.com/maps/place/Taman+Komp.Kejagung/data=!4m7!3m6!1s0x2e69f214834b8c55:0xb868d1fb3a9273c6!8m2!3d-6.2829848!4d106.8392083!16s%2Fg%2F11c3292ddm!19sChIJVYxLgxTyaS4RxnOSOvvRaLg?authuser=0&hl=en&rclk=1
Taman komplek,Garden,-6.3130025,106.7867101,https://www.google.com/maps/place/Taman+Komplek/data=!4m7!3m6!1s0x2e69eff1854dfee7:0xd904bec69d5a6d97!8m2!3d-6.3130025!4d106.7867101!16s%2Fg%2F11sh6mz31n!19sChIJ5_5NhfHvaS4Rl21anca-BNk?authuser=0&hl=en&rclk=1
Taman komplek,Park,-6.1213577,106.7813899,https://www.google.com/maps/place/Taman+komplek/data=!4m7!3m6!1s0x2e6a1d99f6b2c665:0xa6a8508578d5225!8m2!3d-6.1213577!4d106.7813899!16s%2Fg%2F11hbvyg1sr!19sChIJZcay9pkdai4RJVKNVwiFago?authuser=0&hl=en&rclk=1
Taman Komplek Kesehatan,Park,-6.2944159,106.8402225,https://www.google.com/maps/place/Taman+Komplek+Kesehatan/data=!4m7!3m6!1s0x2e69f3b7585ae487:0x54e65f73ad7a667f!8m2!3d-6.2944159!4d106.8402225!16s%2Fg%2F11s42nw2h1!19sChIJh-RaWLfzaS4Rf2Z6rXNf5lQ?authuser=0&hl=en&rclk=1
Taman Komplek Timah Cilandak,Park,-6.3007891,106.7927636,https://www.google.com/maps/place/Taman+Komplek+Timah+Cilandak/data=!4m7!3m6!1s0x2e69ef3602dba529:0xd712bd8f9238feae!8m2!3d-6.3007891!4d106.7927636!16s%2Fg%2F11fkyzz7yp!19sChIJKaXbAjbvaS4Rrv44ko-9Etc?authuser=0&hl=en&rclk=1
Taman Komunitas Benhan,Garden,-6.2869529,106.8236327,https://www.google.com/maps/place/Taman+Komunitas+Benhan/data=!4m7!3m6!1s0x2e69f38fec2ec651:0xb696fd05cea7c7f4!8m2!3d-6.2869529!4d106.8236327!16s%2Fg%2F11sb2t5tqx!19sChIJUcYu7I_zaS4R9MenzgX9lrY?authuser=0&hl=en&rclk=1
TAMAN KOPI,City park,-6.3485946,106.8613439,https://www.google.com/maps/place/TAMAN+KOPI/data=!4m7!3m6!1s0x2e69ec5764cce3b7:0x89291784e2a6d81!8m2!3d-6.3485946!4d106.8613439!16s%2Fg%2F11gdtd43l6!19sChIJt-PMZFfsaS4RgW0qTniRkgg?authuser=0&hl=en&rclk=1
Taman kota,Garden,-6.324834,106.908591,https://www.google.com/maps/place/Taman+kota/data=!4m7!3m6!1s0x2e69edb582308427:0xcab0942934ae543c!8m2!3d-6.324834!4d106.908591!16s%2Fg%2F11tj67nhwf!19sChIJJ4QwgrXtaS4RPFSuNCmUsMo?authuser=0&hl=en&rclk=1
Taman KOTA INTAN,City park,-6.1313292,106.8118464,https://www.google.com/maps/place/Taman+KOTA+INTAN/data=!4m7!3m6!1s0x2e6a1df9533d8023:0xc4910a2b2237c6cc!8m2!3d-6.1313292!4d106.8118464!16s%2Fg%2F11f1552_sr!19sChIJI4A9U_kdai4RzMY3IisKkcQ?authuser=0&hl=en&rclk=1
Taman Kota Jakarta Garden City,Park,-6.1787113,106.9531197,https://www.google.com/maps/place/Taman+Kota+Jakarta+Garden+City/data=!4m7!3m6!1s0x2e698b04223e4d23:0x12032df11f6ed1ef!8m2!3d-6.1787113!4d106.9531197!16s%2Fg%2F11hbbltz6b!19sChIJI00-IgSLaS4R79FuH_EtAxI?authuser=0&hl=en&rclk=1
Taman Kotaparis,Garden,-6.1779573,106.8517657,https://www.google.com/maps/place/Taman+Kotaparis/data=!4m7!3m6!1s0x2e69f505acd38d57:0xa2227606e43013c6!8m2!3d-6.1779573!4d106.8517657!16s%2Fg%2F11q7_fklc8!19sChIJV43TrAX1aS4RxhMw5AZ2IqI?authuser=0&hl=en&rclk=1
"Taman Kudus, Stasiun Sudirman",Park,-6.2024605,106.8247991,"https://www.google.com/maps/place/Taman+Kudus,+Stasiun+Sudirman/data=!4m7!3m6!1s0x2e69f41be6101daf:0x60044abd04fe1e82!8m2!3d-6.2024605!4d106.8247991!16s%2Fg%2F11c1p8hyb0!19sChIJrx0Q5hv0aS4Rgh7-BL1KBGA?authuser=0&hl=en&rclk=1"
Taman Kumis Kucing,Park,-6.360692,106.8907305,https://www.google.com/maps/place/Taman+Kumis+Kucing/data=!4m7!3m6!1s0x2e69ecbeff0bf8a3:0x68eae60e14c11c49!8m2!3d-6.360692!4d106.8907305!16s%2Fg%2F11c1nhpy38!19sChIJo_gL_77saS4RSRzBFA7m6mg?authuser=0&hl=en&rclk=1
Taman Kupu-kupu,Park,-6.2538019,106.9209168,https://www.google.com/maps/place/Taman+Kupu-kupu/data=!4m7!3m6!1s0x2e698df6a30b5ae7:0x732d75e2bf47a57e!8m2!3d-6.2538019!4d106.9209168!16s%2Fg%2F11p00dqxnl!19sChIJ51oLo_aNaS4RfqVHv-J1LXM?authuser=0&hl=en&rclk=1
Taman Kura-2,Park,-6.2543034,106.8040519,https://www.google.com/maps/place/Taman+Kura-2/data=!4m7!3m6!1s0x2e69f177308e38df:0x142db8e2be6a1d1b!8m2!3d-6.2543034!4d106.8040519!16s%2Fg%2F11b6jh4qq3!19sChIJ3ziOMHfxaS4RGx1qvuK4LRQ?authuser=0&hl=en&rclk=1
Taman Langsat,Park,-6.2440393,106.7929958,https://www.google.com/maps/place/Taman+Langsat/data=!4m7!3m6!1s0x2e69f1133032c457:0xa967421005527fa3!8m2!3d-6.2440393!4d106.7929958!16s%2Fg%2F11bzypggx7!19sChIJV8QyMBPxaS4Ro39SBRBCZ6k?authuser=0&hl=en&rclk=1
Taman Lansia,Park,-6.2039651,106.9315016,https://www.google.com/maps/place/Taman+Lansia/data=!4m7!3m6!1s0x2e698b5ccacbb277:0x5fd62cd6b6e53512!8m2!3d-6.2039651!4d106.9315016!16s%2Fg%2F11cjkq7_8w!19sChIJd7LLylyLaS4REjXlttYs1l8?authuser=0&hl=en&rclk=1
Taman Lansia & Anak Buni,Park,-6.3311989,106.8083404,https://www.google.com/maps/place/Taman+Lansia+%26+Anak+Buni/data=!4m7!3m6!1s0x2e69ee7a8e14d77f:0x9213b57aa6df84c2!8m2!3d-6.3311989!4d106.8083404!16s%2Fg%2F1q5bmmch2!19sChIJf9cUjnruaS4RwoTfpnq1E5I?authuser=0&hl=en&rclk=1
Taman Laras Kirana,Park,-6.1737747,106.8928605,https://www.google.com/maps/place/Taman+Laras+Kirana/data=!4m7!3m6!1s0x2e69f516e4bb14b1:0xb8f742b3416411dd!8m2!3d-6.1737747!4d106.8928605!16s%2Fg%2F11lr407q1j!19sChIJsRS75Bb1aS4R3RFkQbNC97g?authuser=0&hl=en&rclk=1
Taman Latuharhary,City park,-6.2030674,106.8282937,https://www.google.com/maps/place/Taman+Latuharhary/data=!4m7!3m6!1s0x2e69f58a352a21e3:0x94a07f471dd8781c!8m2!3d-6.2030674!4d106.8282937!16s%2Fg%2F11h2fgk4ms!19sChIJ4yEqNYr1aS4RHHjYHUd_oJQ?authuser=0&hl=en&rclk=1
Taman Lawang,Park,-6.201162,106.8269955,https://www.google.com/maps/place/Taman+Lawang/data=!4m7!3m6!1s0x2e69f41974d65bbd:0x3e92acdb7c89547e!8m2!3d-6.201162!4d106.8269955!16s%2Fg%2F11c3ynp53l!19sChIJvVvWdBn0aS4RflSJfNuskj4?authuser=0&hl=en&rclk=1
Taman Leuser,Park,-6.235811,106.7923316,https://www.google.com/maps/place/Taman+Leuser/data=!4m7!3m6!1s0x2e69f13f0ebdf655:0xdac64ef807ce364e!8m2!3d-6.235811!4d106.7923316!16s%2Fg%2F11c5bq0ljh!19sChIJVfa9Dj_xaS4RTjbOB_hOxto?authuser=0&hl=en&rclk=1
Taman Liga Mas,Park,-6.2516948,106.8451064,https://www.google.com/maps/place/Taman+Liga+Mas/data=!4m7!3m6!1s0x2e69f3b68fe34b53:0x9c855f4dba323e60!8m2!3d-6.2516948!4d106.8451064!16s%2Fg%2F11c594d8lp!19sChIJU0vjj7bzaS4RYD4yuk1fhZw?authuser=0&hl=en&rclk=1
taman limpah air,Garden,-6.3031123,106.7794935,https://www.google.com/maps/place/taman+limpah+air/data=!4m7!3m6!1s0x2e69efcbd2793f01:0xc07919ece33bb5aa!8m2!3d-6.3031123!4d106.7794935!16s%2Fg%2F11tnv1wg_3!19sChIJAT950svvaS4RqrU74-wZecA?authuser=0&hl=en&rclk=1
Taman Literasi Martha Tiahahu,Park,-6.243337,106.7986509,https://www.google.com/maps/place/Taman+Literasi+Martha+Tiahahu/data=!4m7!3m6!1s0x2e69f16b8b5cbc63:0xcf6106d08b36f129!8m2!3d-6.243337!4d106.7986509!16s%2Fg%2F11bzym8k29!19sChIJY7xci2vxaS4RKfE2i9AGYc8?authuser=0&hl=en&rclk=1
Taman Lovina,Park,-6.337333,106.7936107,https://www.google.com/maps/place/Taman+Lovina/data=!4m7!3m6!1s0x2e69ef6c2df0f52b:0xcbfb951986d40c94!8m2!3d-6.337333!4d106.7936107!16s%2Fg%2F11qh57rlmb!19sChIJK_XwLWzvaS4RlAzUhhmV-8s?authuser=0&hl=en&rclk=1
Taman LPH,Park,-6.2265078,106.7874292,https://www.google.com/maps/place/Taman+LPH/data=!4m7!3m6!1s0x2e69f16424a6a03f:0xdcbbffbac71f7e67!8m2!3d-6.2265078!4d106.7874292!16s%2Fg%2F11qh43vl93!19sChIJP6CmJGTxaS4RZ34fx7r_u9w?authuser=0&hl=en&rclk=1
Taman Madrasah Bawah,Park,-6.2589537,106.7717564,https://www.google.com/maps/place/Taman+Madrasah+Bawah/data=!4m7!3m6!1s0x2e69f1600f201299:0xa2d44fdfc2316c3b!8m2!3d-6.2589537!4d106.7717564!16s%2Fg%2F11h1hn4dj_!19sChIJmRIgD2DxaS4RO2wxwt9P1KI?authuser=0&hl=en&rclk=1
Taman Mahoni,Park,-6.3395073,106.8744595,https://www.google.com/maps/place/Taman+Mahoni/data=!4m7!3m6!1s0x2e69ecfd22f73c7b:0x17ff6633fc8f6e98!8m2!3d-6.3395073!4d106.8744595!16s%2Fg%2F11clgwwhg9!19sChIJezz3Iv3saS4RmG6P_DNm_xc?authuser=0&hl=en&rclk=1
Taman Maju Bersama (TMB),Garden,-6.1670363,106.7872432,https://www.google.com/maps/place/Taman+Maju+Bersama+(TMB)/data=!4m7!3m6!1s0x2e69f7fd463dbf77:0x53f30e420a00b78!8m2!3d-6.1670363!4d106.7872432!16s%2Fg%2F11q1qs9nck!19sChIJd789Rv33aS4ReAugIOQwPwU?authuser=0&hl=en&rclk=1
Taman Maju Bersama Al Umar 2,Park,-6.2877866,106.9096339,https://www.google.com/maps/place/Taman+Maju+Bersama+Al+Umar+2/data=!4m7!3m6!1s0x2e69f3177db27455:0xaea1ab39c1825ba3!8m2!3d-6.2877866!4d106.9096339!16s%2Fg%2F11h_1yr_3q!19sChIJVXSyfRfzaS4Ro1uCwTmroa4?authuser=0&hl=en&rclk=1
Taman Maju Bersama Al Umar I,Park,-6.2878297,106.9085115,https://www.google.com/maps/place/Taman+Maju+Bersama+Al+Umar+I/data=!4m7!3m6!1s0x2e69f3adb640fecd:0x2018d81266d1755a!8m2!3d-6.2878297!4d106.9085115!16s%2Fg%2F11fr0tsl7d!19sChIJzf5Atq3zaS4RWnXRZhLYGCA?authuser=0&hl=en&rclk=1
Taman Maju Bersama Mandor Hasan,Park,-6.3225845,106.8949208,https://www.google.com/maps/place/Taman+Maju+Bersama+Mandor+Hasan/data=!4m7!3m6!1s0x2e69edd648c08147:0x49dd3c972b51241d!8m2!3d-6.3225845!4d106.8949208!16s%2Fg%2F11fn0d15db!19sChIJR4HASNbtaS4RHSRRK5c83Uk?authuser=0&hl=en&rclk=1
Taman Mandala,Park,-6.1740966,106.798483,https://www.google.com/maps/place/Taman+Mandala/data=!4m7!3m6!1s0x2e69f6610d78a341:0xf3b609a4a718e018!8m2!3d-6.1740966!4d106.798483!16s%2Fg%2F11c57mnjs6!19sChIJQaN4DWH2aS4RGOAYp6QJtvM?authuser=0&hl=en&rclk=1
Taman Martilang,Garden,-6.2489608,106.7576466,https://www.google.com/maps/place/Taman+Martilang/data=!4m7!3m6!1s0x2e69f18f85a1e6a1:0x8948bb26c6f053ce!8m2!3d-6.2489608!4d106.7576466!16s%2Fg%2F11sx4jw09q!19sChIJoeahhY_xaS4RzlPwxia7SIk?authuser=0&hl=en&rclk=1
Taman mayestik jaksel,Park,-6.2394242,106.7911065,https://www.google.com/maps/place/Taman+mayestik+jaksel/data=!4m7!3m6!1s0x2e69f11afdf32117:0x55b2d3f6628cd021!8m2!3d-6.2394242!4d106.7911065!16s%2Fg%2F11h4qlbl2_!19sChIJFyHz_RrxaS4RIdCMYvbTslU?authuser=0&hl=en&rclk=1
Taman Melayu Batavia,Garden,-6.0941061,106.9597709,https://www.google.com/maps/place/Taman+Melayu+Batavia/data=!4m7!3m6!1s0x2e6a2170d5fc17cd:0x62411de2cb4dc3b8!8m2!3d-6.0941061!4d106.9597709!16s%2Fg%2F11h7fds0yh!19sChIJzRf81XAhai4RuMNNy-IdQWI?authuser=0&hl=en&rclk=1
Taman Melur,City park,-6.1958631,106.7709362,https://www.google.com/maps/place/Taman+Melur/data=!4m7!3m6!1s0x2e69f6e1d461b7b9:0x690f5d930dfa8145!8m2!3d-6.1958631!4d106.7709362!16s%2Fg%2F11fz7rz426!19sChIJubdh1OH2aS4RRYH6DZNdD2k?authuser=0&hl=en&rclk=1
Taman Melur Park,Garden,-6.1178302,106.8957633,https://www.google.com/maps/place/Taman+Melur+Park/data=!4m7!3m6!1s0x2e6a1fec1ef43def:0x593ca62cc384cad7!8m2!3d-6.1178302!4d106.8957633!16s%2Fg%2F11gfn_0800!19sChIJ7z30Huwfai4R18qEwyymPFk?authuser=0&hl=en&rclk=1
Taman Menteng Utama,Community garden,-6.1811887,106.9672821,https://www.google.com/maps/place/Taman+Menteng+Utama/data=!4m7!3m6!1s0x2e698baf60f57161:0xf14cd35501963090!8m2!3d-6.1811887!4d106.9672821!16s%2Fg%2F11cjkq4c2n!19sChIJYXH1YK-LaS4RkDCWAVXTTPE?authuser=0&hl=en&rclk=1
Taman Menvo,Park,-6.1258001,106.7194005,https://www.google.com/maps/place/Taman+Menvo/data=!4m7!3m6!1s0x2e6a03cf8be2e5ed:0x9300c51bc1c0dd57!8m2!3d-6.1258001!4d106.7194005!16s%2Fg%2F11j99c6zgg!19sChIJ7eXii88Dai4RV93AwRvFAJM?authuser=0&hl=en&rclk=1
Taman Meteng,Park,-6.2252895,106.7822801,https://www.google.com/maps/place/Taman+Meteng/data=!4m7!3m6!1s0x2e69f12e20de8483:0x3d37ee650a9155dd!8m2!3d-6.2252895!4d106.7822801!16s%2Fg%2F11d_8cc9bn!19sChIJg4TeIC7xaS4R3VWRCmXuNz0?authuser=0&hl=en&rclk=1
Taman Metland Menteng,Park,-6.1806597,106.9655795,https://www.google.com/maps/place/Taman+Metland+Menteng/data=!4m7!3m6!1s0x2e698baf35a689cb:0x772f4a2ecd63fcd8!8m2!3d-6.1806597!4d106.9655795!16s%2Fg%2F11f03scsrd!19sChIJy4mmNa-LaS4R2PxjzS5KL3c?authuser=0&hl=en&rclk=1
taman mustika UPK BADAN AIR,Garden,-6.3358248,106.8750084,https://www.google.com/maps/place/taman+mustika+UPK+BADAN+AIR/data=!4m7!3m6!1s0x2e69edc5f532f49d:0xa1d98347d11c1e95!8m2!3d-6.3358248!4d106.8750084!16s%2Fg%2F11q20l8d8y!19sChIJnfQy9cXtaS4RlR4c0UeD2aE?authuser=0&hl=en&rclk=1
Taman O,Park,-6.3520811,106.8716318,https://www.google.com/maps/place/Taman+O/data=!4m7!3m6!1s0x2e69ed58d82c25b1:0x3ca2478b667b6b3f!8m2!3d-6.3520811!4d106.8716318!16s%2Fg%2F11fl4jnlzf!19sChIJsSUs2FjtaS4RP2t7ZotHojw?authuser=0&hl=en&rclk=1
Taman ondel ondel,Garden,-6.1355922,106.9242884,https://www.google.com/maps/place/Taman+ondel+ondel/data=!4m7!3m6!1s0x2e698bb6d21c5061:0x37325f0396b05172!8m2!3d-6.1355922!4d106.9242884!16s%2Fg%2F11k51zs03m!19sChIJYVAc0raLaS4RclGwlgNfMjc?authuser=0&hl=en&rclk=1
TAMAN PALAPA V (LAPANGAN BASKET),Garden,-6.2890168,106.8403663,https://www.google.com/maps/place/TAMAN+PALAPA+V+(LAPANGAN+BASKET)/data=!4m7!3m6!1s0x2e69f3fbae0f1c99:0xdd685aa7181bbed0!8m2!3d-6.2890168!4d106.8403663!16s%2Fg%2F11fskd66_l!19sChIJmRwPrvvzaS4R0L4bGKdaaN0?authuser=0&hl=en&rclk=1
Taman Palapa XV,Park,-6.2896849,106.8391275,https://www.google.com/maps/place/Taman+Palapa+XV/data=!4m7!3m6!1s0x2e69f20d72c1f83d:0x6eb51f0d60bcbf2!8m2!3d-6.2896849!4d106.8391275!16s%2Fg%2F11b76c19bd!19sChIJPfjBcg3yaS4R8ssL1vBR6wY?authuser=0&hl=en&rclk=1
Taman Palem - Tugu Utara,Park,-6.1237383,106.9123175,https://www.google.com/maps/place/Taman+Palem+-+Tugu+Utara/data=!4m7!3m6!1s0x2e6a2002a08e8cef:0x1321f6219ac5d4b5!8m2!3d-6.1237383!4d106.9123175!16s%2Fg%2F11g9w3s8zv!19sChIJ74yOoAIgai4RtdTFmiH2IRM?authuser=0&hl=en&rclk=1
Taman pandan,Park,-6.2254172,106.7430447,https://www.google.com/maps/place/Taman+pandan/data=!4m7!3m6!1s0x2e69f183f884567f:0x6d8854c8f672203a!8m2!3d-6.2254172!4d106.7430447!16s%2Fg%2F11ht63211f!19sChIJf1aE-IPxaS4ROiBy9shUiG0?authuser=0&hl=en&rclk=1
Taman Pandang Istana,Park,-6.1721641,106.8233829,https://www.google.com/maps/place/Taman+Pandang+Istana/data=!4m7!3m6!1s0x2e69f5d4058a4bbf:0xdf7aecafd6f46e32!8m2!3d-6.1721641!4d106.8233829!16s%2Fg%2F11cp5ddmg8!19sChIJv0uKBdT1aS4RMm701q_set8?authuser=0&hl=en&rclk=1
Taman Pandu Kepil,Park,-6.1240642,106.9023763,https://www.google.com/maps/place/Taman+Pandu+Kepil/data=!4m7!3m6!1s0x2e6a1ffa936c9c31:0x93c6d2e279401619!8m2!3d-6.1240642!4d106.9023763!16s%2Fg%2F11g6bl0p2f!19sChIJMZxsk_ofai4RGRZAeeLSxpM?authuser=0&hl=en&rclk=1
Taman Pangkalan Jati Raya,Park,-6.3156851,106.7924976,https://www.google.com/maps/place/Taman+Pangkalan+Jati+Raya/data=!4m7!3m6!1s0x2e69ef7a05914f97:0x35b242419ba1958c!8m2!3d-6.3156851!4d106.7924976!16s%2Fg%2F11hfn4qs4_!19sChIJl0-RBXrvaS4RjJWhm0FCsjU?authuser=0&hl=en&rclk=1
Taman Panglima Polim,Park,-12.5045728,213.5962814,https://www.google.com/maps/place/Taman+Panglima+Polim/data=!4m7!3m6!1s0x2e69f18e0cb09279:0xc7879a05e67ac30f!8m2!3d-6.2522864!4d106.7981407!16s%2Fg%2F11sbbbgqz8!19sChIJeZKwDI7xaS4RD8N65gWah8c?authuser=0&hl=en&rclk=1
Taman Panjang,City park,-6.3490407,106.8055313,https://www.google.com/maps/place/Taman+Panjang/data=!4m7!3m6!1s0x2e69ef496f602975:0x83467457bef15751!8m2!3d-6.3490407!4d106.8055313!16s%2Fg%2F11fpd7h74p!19sChIJdSlgb0nvaS4RUVfxvld0RoM?authuser=0&hl=en&rclk=1
Taman Papyrus,Garden,-6.3006377,106.8260748,https://www.google.com/maps/place/Taman+Papyrus/data=!4m7!3m6!1s0x2e69edf8f1892c8b:0x5f83832eeaaa7273!8m2!3d-6.3006377!4d106.8260748!16s%2Fg%2F11f53g8bw2!19sChIJiyyJ8fjtaS4Rc3Kq6i6Dg18?authuser=0&hl=en&rclk=1
Taman Pasar Rebo,City park,-6.3062216,106.8647674,https://www.google.com/maps/place/Taman+Pasar+Rebo/data=!4m7!3m6!1s0x2e69ed33daec2081:0xb1695f2dbe9a8eef!8m2!3d-6.3062216!4d106.8647674!16s%2Fg%2F11h3ngkq5j!19sChIJgSDs2jPtaS4R746avi1fabE?authuser=0&hl=en&rclk=1
Taman Patra Kuningan,Park,-12.4646002,213.6697462,https://www.google.com/maps/place/Taman+Patra+Kuningan/data=!4m7!3m6!1s0x2e69f3eeadf404a3:0x423be2536197c973!8m2!3d-6.2323001!4d106.8348731!16s%2Fg%2F11c2kfy68f!19sChIJowT0re7zaS4Rc8mXYVPiO0I?authuser=0&hl=en&rclk=1
Taman Patung Kuda,Park,-6.1958697,106.9575926,https://www.google.com/maps/place/Taman+Patung+Kuda/data=!4m7!3m6!1s0x2e698b06564a4b6f:0xba48bfcfca6694e!8m2!3d-6.1958697!4d106.9575926!16s%2Fg%2F11thmr9__3!19sChIJb0tKVgaLaS4RTmmm_PyLpAs?authuser=0&hl=en&rclk=1
Taman Pedongkelan,Park,-6.151528,106.7486165,https://www.google.com/maps/place/Taman+Pedongkelan/data=!4m7!3m6!1s0x2e69f7c21c88c215:0x799fc3c8145edf9c!8m2!3d-6.151528!4d106.7486165!16s%2Fg%2F11cmcvs68_!19sChIJFcKIHML3aS4RnN9eFMjDn3k?authuser=0&hl=en&rclk=1
Taman Pejatian,Park,-6.2764744,106.8456945,https://www.google.com/maps/place/Taman+Pejatian/data=!4m7!3m6!1s0x2e69f3824c4e672f:0xd1d416c25a55db53!8m2!3d-6.2764744!4d106.8456945!16s%2Fg%2F11p12lxh3f!19sChIJL2dOTILzaS4RU9tVWsIW1NE?authuser=0&hl=en&rclk=1
taman pelangi,Park,-6.3600191,106.8822616,https://www.google.com/maps/place/taman+pelangi/data=!4m7!3m6!1s0x2e69edbcba705191:0xea0dc5e7649e6e46!8m2!3d-6.3600191!4d106.8822616!16s%2Fg%2F11rq9b4_tj!19sChIJkVFwurztaS4RRm6eZOfFDeo?authuser=0&hl=en&rclk=1
Taman Pembibitan Jagakarsa,Park,-6.3404187,106.8166499,https://www.google.com/maps/place/Taman+Pembibitan+Jagakarsa/data=!4m7!3m6!1s0x2e69ef9d5951ce43:0xa84206e1e0767c1f!8m2!3d-6.3404187!4d106.8166499!16s%2Fg%2F11nmq_jmxz!19sChIJQ85RWZ3vaS4RH3x24OEGQqg?authuser=0&hl=en&rclk=1
Taman Perosotan Hijau,Park,-6.1944322,106.7502605,https://www.google.com/maps/place/Taman+Perosotan+Hijau/data=!4m7!3m6!1s0x2e69f761ee113ca9:0x40ec8d11dafef2a5!8m2!3d-6.1944322!4d106.7502605!16s%2Fg%2F11qydbfv96!19sChIJqTwR7mH3aS4RpfL-2hGN7EA?authuser=0&hl=en&rclk=1
Taman Perumahan Taman Kencana,Park,-6.1247246,106.7280827,https://www.google.com/maps/place/Taman+Perumahan+Taman+Kencana/data=!4m7!3m6!1s0x2e6a1dc33018be2d:0xc3991693c95a41c5!8m2!3d-6.1247246!4d106.7280827!16s%2Fg%2F11g0gngqs3!19sChIJLb4YMMMdai4RxUFayZMWmcM?authuser=0&hl=en&rclk=1
Taman Pinang,City park,-6.3269289,106.9008141,https://www.google.com/maps/place/Taman+Pinang/data=!4m7!3m6!1s0x2e69ed881516c5f7:0x315197348582287!8m2!3d-6.3269289!4d106.9008141!16s%2Fg%2F11j0nfgxjb!19sChIJ98UWFYjtaS4RhyJYSHMZFQM?authuser=0&hl=en&rclk=1
Taman Pinggir Rel,Park,-6.2489356,106.7741932,https://www.google.com/maps/place/Taman+Pinggir+Rel/data=!4m7!3m6!1s0x2e69f11cce4fec41:0xebedb6955357b603!8m2!3d-6.2489356!4d106.7741932!16s%2Fg%2F11d_ykymwk!19sChIJQexPzhzxaS4RA7ZXU5W27es?authuser=0&hl=en&rclk=1
Taman Pintar Berlalu Lintas Tebet,Park,-6.2355344,106.8532986,https://www.google.com/maps/place/Taman+Pintar+Berlalu+Lintas+Tebet/data=!4m7!3m6!1s0x2e69f374a94f8b85:0x391ef6156699137e!8m2!3d-6.2355344!4d106.8532986!16s%2Fg%2F11h23hdc6l!19sChIJhYtPqXTzaS4RfhOZZhX2Hjk?authuser=0&hl=en&rclk=1
Taman Pintar Kayu Putih Pulo Gadung,Garden,-6.184018,106.8805709,https://www.google.com/maps/place/Taman+Pintar+Kayu+Putih+Pulo+Gadung/data=!4m7!3m6!1s0x2e69f5b33828f8cd:0x3465ffccd4afba07!8m2!3d-6.184018!4d106.8805709!16s%2Fg%2F11pcws13dr!19sChIJzfgoOLP1aS4RB7qv1Mz_ZTQ?authuser=0&hl=en&rclk=1
Taman Pisangan,Park,-6.2121487,106.9380091,https://www.google.com/maps/place/Taman+Pisangan/data=!4m7!3m6!1s0x2e698ba2bf2dd599:0x3599eee29a022de5!8m2!3d-6.2121487!4d106.9380091!16s%2Fg%2F11j6dtjnc_!19sChIJmdUtv6KLaS4R5S0CmuLumTU?authuser=0&hl=en&rclk=1
Taman PKK 06 Cilangkap,Garden,-6.341349,106.9068301,https://www.google.com/maps/place/Taman+PKK+06+Cilangkap/data=!4m7!3m6!1s0x2e69ed484d0033a7:0xdb19592e9a7dec30!8m2!3d-6.341349!4d106.9068301!16s%2Fg%2F11mp7p6_hy!19sChIJpzMATUjtaS4RMOx9mi5ZGds?authuser=0&hl=en&rclk=1
Taman PKP,Garden,-6.3389066,106.8845378,https://www.google.com/maps/place/Taman+PKP/data=!4m7!3m6!1s0x2e69ece1c3ed9aad:0xfafbdbfcf8bf2989!8m2!3d-6.3389066!4d106.8845378!16s%2Fg%2F11g7zf41wr!19sChIJrZrtw-HsaS4RiSm_-Pzb-_o?authuser=0&hl=en&rclk=1
Taman Pondok Karya (Ponkar),Park,-6.243354,106.8223616,https://www.google.com/maps/place/Taman+Pondok+Karya+(Ponkar)/data=!4m7!3m6!1s0x2e69f3d949b673f7:0x589226f4d984ff85!8m2!3d-6.243354!4d106.8223616!16s%2Fg%2F11g8bwpfk5!19sChIJ93O2SdnzaS4Rhf-E2fQmklg?authuser=0&hl=en&rclk=1
Taman Pondok Kelapa Timur 1,Garden,-6.2421769,106.9365423,https://www.google.com/maps/place/Taman+Pondok+Kelapa+Timur+1/data=!4m7!3m6!1s0x2e698d2596b3cccf:0xb0346c631c40124d!8m2!3d-6.2421769!4d106.9365423!16s%2Fg%2F11s4svbr06!19sChIJz8yzliWNaS4RTRJAHGNsNLA?authuser=0&hl=en&rclk=1
Taman Pondok kopi,Park,-6.2201,106.942016,https://www.google.com/maps/place/Taman+Pondok+kopi/data=!4m7!3m6!1s0x2e698d20e0995605:0x8e7f3f33fde53ece!8m2!3d-6.2201!4d106.942016!16s%2Fg%2F11jbd3x4xz!19sChIJBVaZ4CCNaS4Rzj7l_TM_f44?authuser=0&hl=en&rclk=1
Taman Pos 10,Garden,-6.2379661,106.9310159,https://www.google.com/maps/place/Taman+Pos+10/data=!4m7!3m6!1s0x2e698da74e34c17b:0x7e34acd73a4b0716!8m2!3d-6.2379661!4d106.9310159!16s%2Fg%2F11tnf_qfw2!19sChIJe8E0TqeNaS4RFgdLOtesNH4?authuser=0&hl=en&rclk=1
Taman PPA,Park,-6.3194534,106.8973163,https://www.google.com/maps/place/Taman+PPA/data=!4m7!3m6!1s0x2e69ed38ff1e36d3:0x47867f71c99a5335!8m2!3d-6.3194534!4d106.8973163!16s%2Fg%2F11cn6prf9r!19sChIJ0zYe_zjtaS4RNVOayXF_hkc?authuser=0&hl=en&rclk=1
Taman Prapanca,Park,-6.2561371,106.8028342,https://www.google.com/maps/place/Taman+Prapanca/data=!4m7!3m6!1s0x2e69f14328e494f9:0x17b7d5f13e861921!8m2!3d-6.2561371!4d106.8028342!16s%2Fg%2F11hlrxc374!19sChIJ-ZTkKEPxaS4RIRmGPvHVtxc?authuser=0&hl=en&rclk=1
Taman Prapanca IV,Park,-6.252086,106.8074971,https://www.google.com/maps/place/Taman+Prapanca+IV/data=!4m7!3m6!1s0x2e69f17a6a0b3689:0x73f34cb4188e71f3!8m2!3d-6.252086!4d106.8074971!16s%2Fg%2F11f30jsrtp!19sChIJiTYLanrxaS4R83GOGLRM83M?authuser=0&hl=en&rclk=1
Taman pribadi jl KS Tubun,Park,-6.1911045,106.8018977,https://www.google.com/maps/place/Taman+pribadi+jl+KS+Tubun/data=!4m7!3m6!1s0x2e69f7926bfe18c7:0x5843fb1231c6bc6!8m2!3d-6.1911045!4d106.8018977!16s%2Fg%2F11k_ygxlp5!19sChIJxxj-a5L3aS4RxmscI7E_hAU?authuser=0&hl=en&rclk=1
Taman Pricebook,Garden,-6.2483149,106.7975218,https://www.google.com/maps/place/Taman+Pricebook/data=!4m7!3m6!1s0x2e69f197a566bf1d:0x6f7c92896518070b!8m2!3d-6.2483149!4d106.7975218!16s%2Fg%2F11pf5kbt1g!19sChIJHb9mpZfxaS4RCwcYZYmSfG8?authuser=0&hl=en&rclk=1
Taman Probolinggo,City park,-12.394072,213.6782872,https://www.google.com/maps/place/Taman+Probolinggo/data=!4m7!3m6!1s0x2e69f5f4cb01fb49:0x8ed46b796c8a5e22!8m2!3d-6.197036!4d106.8391436!16s%2Fg%2F11h5vkrgry!19sChIJSfsBy_T1aS4RIl6KbHlr1I4?authuser=0&hl=en&rclk=1
Taman Proklamator,Park,-6.1679256,106.8084647,https://www.google.com/maps/place/Taman+Proklamator/data=!4m7!3m6!1s0x2e69f7ed8d61828d:0x7f1fa88abdc823e0!8m2!3d-6.1679256!4d106.8084647!16s%2Fg%2F11gjv7l7kw!19sChIJjYJhje33aS4R4CPIvYqoH38?authuser=0&hl=en&rclk=1
taman pulo asem selatan,Garden,-6.1907959,106.8931807,https://www.google.com/maps/place/taman+pulo+asem+selatan/data=!4m7!3m6!1s0x2e69f54fbf7a6ec9:0xe77fc59485daa9f1!8m2!3d-6.1907959!4d106.8931807!16s%2Fg%2F11s78q32jb!19sChIJyW56v0_1aS4R8anahZTFf-c?authuser=0&hl=en&rclk=1
Taman Puring,City park,-6.2413693,106.7886198,https://www.google.com/maps/place/Taman+Puring/data=!4m7!3m6!1s0x2e69f115d4bf8f39:0xb3f2569069745bb4!8m2!3d-6.2413693!4d106.7886198!16s%2Fg%2F11c1nbbrm5!19sChIJOY-_1BXxaS4RtFt0aZBW8rM?authuser=0&hl=en&rclk=1
Taman Radio Dalam,Park,-6.2556408,106.7889515,https://www.google.com/maps/place/Taman+Radio+Dalam/data=!4m7!3m6!1s0x2e69f10bdd1d06d9:0xcf6b1e38fc5bd6fe!8m2!3d-6.2556408!4d106.7889515!16s%2Fg%2F11hc_qr48f!19sChIJ2QYd3QvxaS4R_tZb_Dgea88?authuser=0&hl=en&rclk=1
Taman Rafaaa Baru,Park,-6.1452094,106.7380746,https://www.google.com/maps/place/Taman+Rafaaa+Baru/data=!4m7!3m6!1s0x2e69f7b55cca4a9b:0x97f6ef5f35bc971c!8m2!3d-6.1452094!4d106.7380746!16s%2Fg%2F11qnjfhkn_!19sChIJm0rKXLX3aS4RHJe8NV_v9pc?authuser=0&hl=en&rclk=1
Taman Rafaaaa,Park,-6.1474951,106.7369749,https://www.google.com/maps/place/Taman+Rafaaaa/data=!4m7!3m6!1s0x2e69f779952c7777:0xbc766f170fa8d70e!8m2!3d-6.1474951!4d106.7369749!16s%2Fg%2F11f725142b!19sChIJd3cslXn3aS4RDteoDxdvdrw?authuser=0&hl=en&rclk=1
Taman Ragatnata,Park,-6.2349855,106.809703,https://www.google.com/maps/place/Taman+Ragatnata/data=!4m7!3m6!1s0x2e69f1dc21109d87:0xe9ff9daab5d0a05c!8m2!3d-6.2349855!4d106.809703!16s%2Fg%2F11lgpvfz62!19sChIJh50QIdzxaS4RXKDQtaqd_-k?authuser=0&hl=en&rclk=1
Taman Ranggon Wijaya Kusuma,Park,-6.344512,106.907367,https://www.google.com/maps/place/Taman+Ranggon+Wijaya+Kusuma/data=!4m7!3m6!1s0x2e69edcb5a7c637d:0x2405b5cb849bd022!8m2!3d-6.344512!4d106.907367!16s%2Fg%2F11j7hsx4j2!19sChIJfWN8WsvtaS4RItCbhMu1BSQ?authuser=0&hl=en&rclk=1
Taman Rasela,Garden,-12.2910214,213.681896,https://www.google.com/maps/place/Taman+Rasela/data=!4m7!3m6!1s0x2e69f5ed56c20b69:0x8fed1273220b9841!8m2!3d-6.1455107!4d106.840948!16s%2Fg%2F11f5gkz_43!19sChIJaQvCVu31aS4RQZgLInMS7Y8?authuser=0&hl=en&rclk=1
Taman Rawa Badak Utara,Garden,-6.1201234,106.9017868,https://www.google.com/maps/place/Taman+Rawa+Badak+Utara/data=!4m7!3m6!1s0x2e6a1ff1ca47e515:0x3f814a7ae97ee815!8m2!3d-6.1201234!4d106.9017868!16s%2Fg%2F11f545yhm7!19sChIJFeVHyvEfai4RFeh-6XpKgT8?authuser=0&hl=en&rclk=1
Taman Rembuyung,Park,-6.2514864,106.804337,https://www.google.com/maps/place/Taman+Rembuyung/data=!4m7!3m6!1s0x2e69f16d988a0807:0xf55f6603ea2725e3!8m2!3d-6.2514864!4d106.804337!16s%2Fg%2F11rc04_344!19sChIJBwiKmG3xaS4R4yUn6gNmX_U?authuser=0&hl=en&rclk=1
Taman RPTRA,Park,-6.3235167,106.8764015,https://www.google.com/maps/place/Taman+RPTRA/data=!4m7!3m6!1s0x2e69edbff2c0afc5:0x326db518714af9d3!8m2!3d-6.3235167!4d106.8764015!16s%2Fg%2F11jn_858dn!19sChIJxa_A8r_taS4R0_lKcRi1bTI?authuser=0&hl=en&rclk=1
Taman RPTRA Blok O,Garden,-6.1735557,106.7384625,https://www.google.com/maps/place/Taman+RPTRA+Blok+O/data=!4m7!3m6!1s0x2e69f75aa26067bb:0xf8e5cfd80055984a!8m2!3d-6.1735557!4d106.7384625!16s%2Fg%2F11sqp5lsgj!19sChIJu2dgolr3aS4RSphVANjP5fg?authuser=0&hl=en&rclk=1
Taman RS Umum Pusat Fatmawati,Park,-6.2941325,106.795862,https://www.google.com/maps/place/Taman+RS+Umum+Pusat+Fatmawati/data=!4m7!3m6!1s0x2e69f1e73850455d:0x1c686f6cfca74f29!8m2!3d-6.2941325!4d106.795862!16s%2Fg%2F11cnblk3n6!19sChIJXUVQOOfxaS4RKU-n_GxvaBw?authuser=0&hl=en&rclk=1
Taman RTH Kebon Kelapa,Garden,-6.1014607,106.70738,https://www.google.com/maps/place/Taman+RTH+Kebon+Kelapa/data=!4m7!3m6!1s0x2e6a032dc02c6c7b:0x1dc1ef733da2bcff!8m2!3d-6.1014607!4d106.70738!16s%2Fg%2F11s56plpqw!19sChIJe2wswC0Dai4R_7yiPXPvwR0?authuser=0&hl=en&rclk=1
Taman RW06,Park,-6.1477888,106.9033085,https://www.google.com/maps/place/Taman+RW06/data=!4m7!3m6!1s0x2e69f54f2814d091:0xda4acc18193563b1!8m2!3d-6.1477888!4d106.9033085!16s%2Fg%2F11c47_3_h0!19sChIJkdAUKE_1aS4RsWM1GRjMSto?authuser=0&hl=en&rclk=1
Taman RZ,Park,-6.1472755,106.6970988,https://www.google.com/maps/place/Taman+RZ/data=!4m7!3m6!1s0x2e69f87300339acd:0xdcba535458e261b!8m2!3d-6.1472755!4d106.6970988!16s%2Fg%2F11f12142yy!19sChIJzZozAHP4aS4RGyaORTWlyw0?authuser=0&hl=en&rclk=1
Taman Sahabat Garda Bintang Timur,Park,-6.1260998,106.7835434,https://www.google.com/maps/place/Taman+Sahabat+Garda+Bintang+Timur/data=!4m7!3m6!1s0x2e6a1d2f1368f863:0xb587827496e5331!8m2!3d-6.1260998!4d106.7835434!16s%2Fg%2F11hzyw95cp!19sChIJY_hoEy8dai4RMVNuSSd4WAs?authuser=0&hl=en&rclk=1
Taman Sains Duren Sawit,Garden,-6.2308579,106.9225455,https://www.google.com/maps/place/Taman+Sains+Duren+Sawit/data=!4m7!3m6!1s0x2e698cb714d12013:0xb12deb1e6f55b5c4!8m2!3d-6.2308579!4d106.9225455!16s%2Fg%2F1pyqf7_3b!19sChIJEyDRFLeMaS4RxLVVbx7rLbE?authuser=0&hl=en&rclk=1
Taman Salam,Park,-6.2830761,106.8294822,https://www.google.com/maps/place/Taman+Salam/data=!4m7!3m6!1s0x2e69f219fe26e22d:0x6d9b9b7ade894586!8m2!3d-6.2830761!4d106.8294822!16s%2Fg%2F11cjj7j6xk!19sChIJLeIm_hnyaS4RhkWJ3nqbm20?authuser=0&hl=en&rclk=1
Taman Salix,Park,-6.3539488,106.9079768,https://www.google.com/maps/place/Taman+Salix/data=!4m7!3m6!1s0x2e69eccbbfb6305b:0x793fa2dc9e4d1b32!8m2!3d-6.3539488!4d106.9079768!16s%2Fg%2F11cnbt99hr!19sChIJWzC2v8vsaS4RMhtNntyiP3k?authuser=0&hl=en&rclk=1
Taman Sambas,Park,-6.2478467,106.7961644,https://www.google.com/maps/place/Taman+Sambas/data=!4m7!3m6!1s0x2e69f16d6a5f8d83:0x3bf4e21d3801ff78!8m2!3d-6.2478467!4d106.7961644!16s%2Fg%2F11bx55c528!19sChIJg41fam3xaS4ReP8BOB3i9Ds?authuser=0&hl=en&rclk=1
Taman Sambas Asri,Park,-6.248308,106.7973344,https://www.google.com/maps/place/Taman+Sambas+Asri/data=!4m7!3m6!1s0x2e69f1db10f70e0d:0x5be5607319e620b6!8m2!3d-6.248308!4d106.7973344!16s%2Fg%2F11rmrd0bq8!19sChIJDQ73ENvxaS4RtiDmGXNg5Vs?authuser=0&hl=en&rclk=1
Taman Sampit,Garden,-6.2448217,106.7968652,https://www.google.com/maps/place/Taman+Sampit/data=!4m7!3m6!1s0x2e69f1135bc34f59:0xc34ff871b630607b!8m2!3d-6.2448217!4d106.7968652!16s%2Fg%2F11j5sv7hy9!19sChIJWU_DWxPxaS4Re2AwtnH4T8M?authuser=0&hl=en&rclk=1
Taman Sangau,Park,-6.1693543,106.8050614,https://www.google.com/maps/place/Taman+Sangau/data=!4m7!3m6!1s0x2e69f72e14e4e85d:0x9b60800f1fb435b6!8m2!3d-6.1693543!4d106.8050614!16s%2Fg%2F11nn4r3xp5!19sChIJXejkFC73aS4RtjW0Hw-AYJs?authuser=0&hl=en&rclk=1
Taman Santai,City park,-6.1999282,106.9001464,https://www.google.com/maps/place/Taman+Santai/data=!4m7!3m6!1s0x2e69f4ba0691f9eb:0x4f530cdc80d49e38!8m2!3d-6.1999282!4d106.9001464!16s%2Fg%2F11f_p2tvlz!19sChIJ6_mRBrr0aS4ROJ7UgNwMU08?authuser=0&hl=en&rclk=1
Taman Sarang Bangau,City park,-6.12669,106.9535539,https://www.google.com/maps/place/Taman+Sarang+Bangau/data=!4m7!3m6!1s0x2e6a21fae573c42d:0x7c5765e92194b05!8m2!3d-6.12669!4d106.9535539!16s%2Fg%2F11fpcxh7qk!19sChIJLcRz5fohai4RBUsZkl52xQc?authuser=0&hl=en&rclk=1
Taman Segitiga,Park,-6.1134535,106.8832723,https://www.google.com/maps/place/Taman+Segitiga/data=!4m7!3m6!1s0x2e6a1fea80115767:0xd994d4d4297dfb96!8m2!3d-6.1134535!4d106.8832723!16s%2Fg%2F11c0xsdm_3!19sChIJZ1cRgOofai4Rlvt9KdTUlNk?authuser=0&hl=en&rclk=1
Taman Segitiga Cijantung,Park,-6.3121861,106.8614066,https://www.google.com/maps/place/Taman+Segitiga+Cijantung/data=!4m7!3m6!1s0x2e69ed9c3744f23d:0x9787a1a0528d52ba!8m2!3d-6.3121861!4d106.8614066!16s%2Fg%2F11g9dndy95!19sChIJPfJEN5ztaS4RulKNUqChh5c?authuser=0&hl=en&rclk=1
Taman Segitiga Intirub,Garden,-6.2659501,106.87743,https://www.google.com/maps/place/Taman+Segitiga+Intirub/data=!4m7!3m6!1s0x2e69f2e5f4c42013:0xcc76f0ca571e9c0d!8m2!3d-6.2659501!4d106.87743!16s%2Fg%2F11cnkpdmj4!19sChIJEyDE9OXyaS4RDZweV8rwdsw?authuser=0&hl=en&rclk=1
Taman Segitiga Stasiun Kalibata,Park,-6.2543511,106.8550259,https://www.google.com/maps/place/Taman+Segitiga+Stasiun+Kalibata/data=!4m7!3m6!1s0x2e69f3ada3e31167:0xaecde1f80a3e6269!8m2!3d-6.2543511!4d106.8550259!16s%2Fg%2F11fylq8y0g!19sChIJZxHjo63zaS4RaWI-Cvjhza4?authuser=0&hl=en&rclk=1
TAMAN SEGITIGA THERISA,Park,-6.1883734,106.8252043,https://www.google.com/maps/place/TAMAN+SEGITIGA+THERISA/data=!4m7!3m6!1s0x2e69f5ef5038a23d:0x9ffecc735ed7ff72!8m2!3d-6.1883734!4d106.8252043!16s%2Fg%2F11lfd547hq!19sChIJPaI4UO_1aS4Rcv_XXnPM_p8?authuser=0&hl=en&rclk=1
Taman Selong,Park,-6.2336823,106.801828,https://www.google.com/maps/place/Taman+Selong/data=!4m7!3m6!1s0x2e69f18415ef9967:0x30d63717de70868f!8m2!3d-6.2336823!4d106.801828!16s%2Fg%2F11lscz9vsd!19sChIJZ5nvFYTxaS4Rj4Zw3hc31jA?authuser=0&hl=en&rclk=1
TAMAN SEMARANG,Park,-12.399757,213.678191,https://www.google.com/maps/place/TAMAN+SEMARANG/data=!4m7!3m6!1s0x2e69f50027a2f397:0xef70f1fa1bd5c13a!8m2!3d-6.1998785!4d106.8390955!16s%2Fg%2F11ql_16dm8!19sChIJl_OiJwD1aS4ROsHVG_rxcO8?authuser=0&hl=en&rclk=1
Taman Sepat,Park,-6.3059635,106.8324509,https://www.google.com/maps/place/Taman+Sepat/data=!4m7!3m6!1s0x2e69edf0e18e5f47:0xf287f574a02af9be!8m2!3d-6.3059635!4d106.8324509!16s%2Fg%2F11byttpwy1!19sChIJR1-O4fDtaS4RvvkqoHT1h_I?authuser=0&hl=en&rclk=1
Taman Seroja,Park,-6.3290659,106.8233158,https://www.google.com/maps/place/Taman+Seroja/data=!4m7!3m6!1s0x2e69ed8eeb4e7c99:0x13572fe107d66b1c!8m2!3d-6.3290659!4d106.8233158!16s%2Fg%2F11fs03_m5j!19sChIJmXxO647taS4RHGvWB-EvVxM?authuser=0&hl=en&rclk=1
Taman sirsak jagakarsa,Garden,-6.3396085,106.8175007,https://www.google.com/maps/place/Taman+sirsak+jagakarsa/data=!4m7!3m6!1s0x2e69efe2e4819071:0x93afb2f06d5208ef!8m2!3d-6.3396085!4d106.8175007!16s%2Fg%2F11s___6syc!19sChIJcZCB5OLvaS4R7whSbfCyr5M?authuser=0&hl=en&rclk=1
Taman Situ Lembang,City park,-12.3956526,213.6691642,https://www.google.com/maps/place/Taman+Situ+Lembang/data=!4m7!3m6!1s0x514107ef6417075:0xdf97f027bb9bcd42!8m2!3d-6.1978263!4d106.8345821!16s%2Fg%2F11bzq3fvt7!19sChIJdXBB9n4QFAURQs2buyfwl98?authuser=0&hl=en&rclk=1
Taman Situaksan,Park,-6.2077367,106.8106146,https://www.google.com/maps/place/Taman+Situaksan/data=!4m7!3m6!1s0x2e69f702dfb33fe5:0xa7d5a0d7a9913c22!8m2!3d-6.2077367!4d106.8106146!16s%2Fg%2F11jfjjphdt!19sChIJ5T-z3wL3aS4RIjyRqdeg1ac?authuser=0&hl=en&rclk=1
Taman Spathodea,City park,-6.3220908,106.8235447,https://www.google.com/maps/place/Taman+Spathodea/data=!4m7!3m6!1s0x2e69eddc25029361:0x6f4dbaa2a1b356ac!8m2!3d-6.3220908!4d106.8235447!16s%2Fg%2F1yg58n64m!19sChIJYZMCJdztaS4RrFazoaK6TW8?authuser=0&hl=en&rclk=1
Taman Suka-Suka,Garden,-6.1327069,106.7343594,https://www.google.com/maps/place/Taman+Suka-Suka/data=!4m7!3m6!1s0x2e6a1daca596b90f:0x93ef41c19788e4c1!8m2!3d-6.1327069!4d106.7343594!16s%2Fg%2F11tjdmc474!19sChIJD7mWpawdai4RweSIl8FB75M?authuser=0&hl=en&rclk=1
Taman Sumenep,Park,-6.2020374,106.82754,https://www.google.com/maps/place/Taman+Sumenep/data=!4m7!3m6!1s0x2e69f41a26494d4b:0x88f9453ff1c7b92!8m2!3d-6.2020374!4d106.82754!16s%2Fg%2F11hbr2bcsm!19sChIJS01JJhr0aS4Rknsc_1OUjwg?authuser=0&hl=en&rclk=1
Taman Sungai Kapuas,Community garden,-6.1300874,106.9225988,https://www.google.com/maps/place/Taman+Sungai+Kapuas/data=!4m7!3m6!1s0x2e6a2007cab887e3:0x1ca49bc96d4c5f6!8m2!3d-6.1300874!4d106.9225988!16s%2Fg%2F11c2ncbtf3!19sChIJ44e4ygcgai4R9sXUlrxJygE?authuser=0&hl=en&rclk=1
Taman Sunter,Park,-6.1500196,106.8578768,https://www.google.com/maps/place/Taman+Sunter/data=!4m7!3m6!1s0x2e69f5995efa4757:0xf3d1a22e423ecb4b!8m2!3d-6.1500196!4d106.8578768!16s%2Fg%2F11clyf834s!19sChIJV0f6Xpn1aS4RS8s-Qi6i0fM?authuser=0&hl=en&rclk=1
Taman Sunter Agung,Park,-6.1395224,106.8687689,https://www.google.com/maps/place/Taman+Sunter+Agung/data=!4m7!3m6!1s0x2e69f579329defc3:0x4724210fa1e5c8dd!8m2!3d-6.1395224!4d106.8687689!16s%2Fg%2F11cmyl633g!19sChIJw--dMnn1aS4R3cjloQ8hJEc?authuser=0&hl=en&rclk=1
Taman Sunter Hijau,Park,-6.1578492,106.8763257,https://www.google.com/maps/place/Taman+Sunter+Hijau/data=!4m7!3m6!1s0x2e69f570c7577543:0xad3e45da5305a45a!8m2!3d-6.1578492!4d106.8763257!16s%2Fg%2F11hyrcj2rg!19sChIJQ3VXx3D1aS4RWqQFU9pFPq0?authuser=0&hl=en&rclk=1
Taman surya 3,Garden,-6.1359186,106.7124579,https://www.google.com/maps/place/Taman+surya+3/data=!4m7!3m6!1s0x2e6a0391b3acf997:0x1387391fa29129a7!8m2!3d-6.1359186!4d106.7124579!16s%2Fg%2F11n72xg533!19sChIJl_mss5EDai4RpymRoh85hxM?authuser=0&hl=en&rclk=1
Taman Swadarma,Park,-6.236274,106.760239,https://www.google.com/maps/place/Taman+Swadarma/data=!4m7!3m6!1s0x2e69f0dcb42d1913:0x298af0352e96f43b!8m2!3d-6.236274!4d106.760239!16s%2Fg%2F11b8t5lrx_!19sChIJExkttNzwaS4RO_SWLjXwiik?authuser=0&hl=en&rclk=1
Taman Swakarsa,Park,-6.2467739,106.9385342,https://www.google.com/maps/place/Taman+Swakarsa/data=!4m7!3m6!1s0x2e698d3a017425bf:0x3c00cb4d14bf9675!8m2!3d-6.2467739!4d106.9385342!16s%2Fg%2F11fk46hv0k!19sChIJvyV0ATqNaS4RdZa_FE3LADw?authuser=0&hl=en&rclk=1
Taman Tabebuya,Park,-6.3280214,106.810215,https://www.google.com/maps/place/Taman+Tabebuya/data=!4m7!3m6!1s0x2e69ee70e17029f3:0xb02b26059ecf31a!8m2!3d-6.3280214!4d106.810215!16s%2Fg%2F1q5bkk6vf!19sChIJ8ylw4XDuaS4RGvPsWWCyAgs?authuser=0&hl=en&rclk=1
Taman Tangkuban Perahu,Park,-12.4153042,213.6704874,https://www.google.com/maps/place/Taman+Tangkuban+Perahu/data=!4m7!3m6!1s0x2e69f40e096d5be3:0x10014e518362e4dd!8m2!3d-6.2076521!4d106.8352437!16s%2Fg%2F11b7xsf2hd!19sChIJ41ttCQ70aS4R3eRig1FOARA?authuser=0&hl=en&rclk=1
Taman Tanjung 2,Park,-6.3029641,106.8422097,https://www.google.com/maps/place/Taman+Tanjung+2/data=!4m7!3m6!1s0x2e69ed8b5aad2a6d:0xd0c19cdf69082314!8m2!3d-6.3029641!4d106.8422097!16s%2Fg%2F11clwnpsz2!19sChIJbSqtWovtaS4RFCMIad-cwdA?authuser=0&hl=en&rclk=1
Taman Tawes,Park,-6.2342096,106.8459141,https://www.google.com/maps/place/Taman+Tawes/data=!4m7!3m6!1s0x2e69f34565c1434b:0x95d1d7cdbaf82234!8m2!3d-6.2342096!4d106.8459141!16s%2Fg%2F11nxp13hjv!19sChIJS0PBZUXzaS4RNCL4us3X0ZU?authuser=0&hl=en&rclk=1
Taman Tebet Timur Dalam VIII,Park,-6.2395411,106.8573241,https://www.google.com/maps/place/Taman+Tebet+Timur+Dalam+VIII/data=!4m7!3m6!1s0x2e69f3a3b6bb320d:0x5424df7cd29dba4f!8m2!3d-6.2395411!4d106.8573241!16s%2Fg%2F11bvv0grk7!19sChIJDTK7tqPzaS4RT7qd0nzfJFQ?authuser=0&hl=en&rclk=1
TAMAN TELAGA ASRI,Garden,-6.1726972,106.8595164,https://www.google.com/maps/place/TAMAN+TELAGA+ASRI/data=!4m7!3m6!1s0x2e69f5249c480c5f:0xfa9ab7e0de9a1869!8m2!3d-6.1726972!4d106.8595164!16s%2Fg%2F11p5jprkfd!19sChIJXwxInCT1aS4RaRia3uC3mvo?authuser=0&hl=en&rclk=1
Taman Teletubbies,Garden,-6.3560194,106.8953637,https://www.google.com/maps/place/Taman+Teletubbies/data=!4m7!3m6!1s0x2e69ed069feb22e7:0xaea0fb173a0c5cb6!8m2!3d-6.3560194!4d106.8953637!16s%2Fg%2F11p00cc4v2!19sChIJ5yLrnwbtaS4RtlwMOhf7oK4?authuser=0&hl=en&rclk=1
Taman tenis,Park,-6.2043169,106.9294626,https://www.google.com/maps/place/Taman+tenis/data=!4m7!3m6!1s0x2e698bcd6645004b:0xa39e0e795c94ca59!8m2!3d-6.2043169!4d106.9294626!16s%2Fg%2F11rpl7dcbp!19sChIJSwBFZs2LaS4RWcqUXHkOnqM?authuser=0&hl=en&rclk=1
Taman The Walk JGC,Garden,-6.1812042,106.9519975,https://www.google.com/maps/place/Taman+The+Walk+JGC/data=!4m7!3m6!1s0x2e698b00e8e5b2cf:0x8c76a0a718a090b!8m2!3d-6.1812042!4d106.9519975!16s%2Fg%2F11gzn3fc39!19sChIJz7Ll6ACLaS4RCwmKcQpqxwg?authuser=0&hl=en&rclk=1
Taman TMB Kamboja,Garden,-6.1926036,106.9382401,https://www.google.com/maps/place/Taman+TMB+Kamboja/data=!4m7!3m6!1s0x2e698b4b9deecd01:0xefb4ac3897ca2fda!8m2!3d-6.1926036!4d106.9382401!16s%2Fg%2F11s3g6zjvf!19sChIJAc3unUuLaS4R2i_KlzistO8?authuser=0&hl=en&rclk=1
TAMAN TOGA,Garden,-6.2020991,106.9221137,https://www.google.com/maps/place/Taman+toga/data=!4m7!3m6!1s0x2e698bd0407a3517:0xb17a34a2338e1823!8m2!3d-6.2020991!4d106.9221137!16s%2Fg%2F11p00bhzp3!19sChIJFzV6QNCLaS4RIxiOM6I0erE?authuser=0&hl=en&rclk=1
TAMAN TOGA,Ecological park,-6.128589,106.8827402,https://www.google.com/maps/place/TAMAN+TOGA/data=!4m7!3m6!1s0x2e6a1f7316913deb:0x536643a79f7b824!8m2!3d-6.128589!4d106.8827402!16s%2Fg%2F11g0lf2cdd!19sChIJ6z2RFnMfai4RJLj3eTpkNgU?authuser=0&hl=en&rclk=1
Taman Tomang,Park,-6.1718066,106.8081158,https://www.google.com/maps/place/Taman+Tomang/data=!4m7!3m6!1s0x2e69f67c9de33e75:0xdd083e12a297af65!8m2!3d-6.1718066!4d106.8081158!16s%2Fg%2F11c3j5cw95!19sChIJdT7jnXz2aS4RZa-XohI-CN0?authuser=0&hl=en&rclk=1
Taman TPU Srengseng Sawah,Garden,-6.3525731,106.8150296,https://www.google.com/maps/place/Taman+TPU+Srengseng+Sawah/data=!4m7!3m6!1s0x2e69ef5583fae7af:0x63ab12fe6d971f0d!8m2!3d-6.3525731!4d106.8150296!16s%2Fg%2F11sq3k2gb7!19sChIJr-f6g1XvaS4RDR-Xbf4Sq2M?authuser=0&hl=en&rclk=1
Taman Tubagus Angke,Garden,-6.1563688,106.7688747,https://www.google.com/maps/place/Taman+Tubagus+Angke/data=!4m7!3m6!1s0x2e69f7caeb75ce2d:0x3437c81b3b9fa2dd!8m2!3d-6.1563688!4d106.7688747!16s%2Fg%2F11gfd_s89g!19sChIJLc5168r3aS4R3aKfOxvINzQ?authuser=0&hl=en&rclk=1
TAMAN TULIP (Taman Bermain),Park,-6.3510001,106.8817565,https://www.google.com/maps/place/TAMAN+TULIP+(Taman+Bermain)/data=!4m7!3m6!1s0x2e69edf7caf6cfe5:0x29f1273d24516938!8m2!3d-6.3510001!4d106.8817565!16s%2Fg%2F11j3rdfrcy!19sChIJ5c_2yvftaS4ROGlRJD0n8Sk?authuser=0&hl=en&rclk=1
Taman Tulodong - BBS,Park,-6.2290491,106.812205,https://www.google.com/maps/place/Taman+Tulodong+-+BBS/data=!4m7!3m6!1s0x2e69f159f4fb18c9:0xa75b2fb06dc81d1d!8m2!3d-6.2290491!4d106.812205!16s%2Fg%2F11cp7kc4jn!19sChIJyRj79FnxaS4RHR3IbbAvW6c?authuser=0&hl=en&rclk=1
Taman Twei II,City park,-6.181263,106.9717034,https://www.google.com/maps/place/Taman+Twei+II/data=!4m7!3m6!1s0x2e698bb004bb7185:0xda16dcb2dbfa43a4!8m2!3d-6.181263!4d106.9717034!16s%2Fg%2F11g9vmch_d!19sChIJhXG7BLCLaS4RpEP627LcFto?authuser=0&hl=en&rclk=1
Taman United Tractors AHEMCE,Park,-6.2277116,106.9214233,https://www.google.com/maps/place/Taman+United+Tractors+AHEMCE/data=!4m7!3m6!1s0x2e698d3d3cbbe73f:0x41d010633d60b975!8m2!3d-6.2277116!4d106.9214233!16s%2Fg%2F11fqpwvlsx!19sChIJP-e7PD2NaS4RdblgPWMQ0EE?authuser=0&hl=en&rclk=1
Taman UT,Park,-6.2299192,106.9102289,https://www.google.com/maps/place/Taman+UT/data=!4m7!3m6!1s0x2e69f34b625823db:0x7a381af395a1e7ff!8m2!3d-6.2299192!4d106.9102289!16s%2Fg%2F11clwj548z!19sChIJ2yNYYkvzaS4R_-ehlfMaOHo?authuser=0&hl=en&rclk=1
Taman UT AHEME,Park,-6.2277083,106.9218971,https://www.google.com/maps/place/Taman+UT+AHEME/data=!4m7!3m6!1s0x2e698cb0ef6fb741:0xc100477e9ee68708!8m2!3d-6.2277083!4d106.9218971!16s%2Fg%2F11cjh_rzcv!19sChIJQbdv77CMaS4RCIfmnn5HAME?authuser=0&hl=en&rclk=1
Taman Viaduct,Park,-6.2140316,106.9001135,https://www.google.com/maps/place/Taman+Viaduct/data=!4m7!3m6!1s0x2e69f4a7e3798185:0x90bcf88da708be28!8m2!3d-6.2140316!4d106.9001135!16s%2Fg%2F11c37nz338!19sChIJhYF546f0aS4RKL4Ip434vJA?authuser=0&hl=en&rclk=1
Taman Waduk Pluit,Park,-6.1137292,106.7950497,https://www.google.com/maps/place/Taman+Waduk+Pluit/data=!4m7!3m6!1s0x2e6a1dc06cff36a7:0xc94812c8a867e479!8m2!3d-6.1137292!4d106.7950497!16s%2Fg%2F11bzsh2ltd!19sChIJpzb_bMAdai4ReeRnqMgSSMk?authuser=0&hl=en&rclk=1
Taman Walang,Garden,-6.1217847,106.9007926,https://www.google.com/maps/place/Taman+Walang/data=!4m7!3m6!1s0x2e6a1f89b2167a41:0x4dc0278b5285c741!8m2!3d-6.1217847!4d106.9007926!16s%2Fg%2F11sd49qqs7!19sChIJQXoWsokfai4RQceFUosnwE0?authuser=0&hl=en&rclk=1
taman walang baru,Garden,-6.122041,106.9053861,https://www.google.com/maps/place/taman+walang+baru/data=!4m7!3m6!1s0x2e6a1ffa0f790801:0x7432e6fc70f731bd!8m2!3d-6.122041!4d106.9053861!16s%2Fg%2F1tf9kpnh!19sChIJAQh5D_ofai4RvTH3cPzmMnQ?authuser=0&hl=en&rclk=1
Taman Walet Permai,Garden,-6.1266241,106.7605196,https://www.google.com/maps/place/Taman+Walet+Permai/data=!4m7!3m6!1s0x2e6a1d75529a6d79:0xfd5520c068dcf4d2!8m2!3d-6.1266241!4d106.7605196!16s%2Fg%2F11rqp0_kmf!19sChIJeW2aUnUdai4R0vTcaMAgVf0?authuser=0&hl=en&rclk=1
Taman Walikota Jakarta Barat,Park,-6.1851128,106.7384451,https://www.google.com/maps/place/Taman+Walikota+Jakarta+Barat/data=!4m7!3m6!1s0x2e69f7dba80b0e61:0xc43acda175b406f5!8m2!3d-6.1851128!4d106.7384451!16s%2Fg%2F11lgddykr_!19sChIJYQ4LqNv3aS4R9Qa0daHNOsQ?authuser=0&hl=en&rclk=1
Taman Warna Warni Jembatan Lima,Community garden,-6.1456097,106.8033115,https://www.google.com/maps/place/Taman+Warna+Warni+Jembatan+Lima/data=!4m7!3m6!1s0x2e69f7758efd4cf7:0x9492a01f1d2b0bfd!8m2!3d-6.1456097!4d106.8033115!16s%2Fg%2F11h4kk1j6v!19sChIJ90z9jnX3aS4R_QsrHR-gkpQ?authuser=0&hl=en&rclk=1
Taman Waroe,Garden,-6.1473725,106.7458285,https://www.google.com/maps/place/Taman+Waroe/data=!4m7!3m6!1s0x2e69f770c0fe7551:0x62cab7dda1a56944!8m2!3d-6.1473725!4d106.7458285!16s%2Fg%2F11hzmshlhk!19sChIJUXX-wHD3aS4RRGmlod23ymI?authuser=0&hl=en&rclk=1
Taman Waru Rambutan,Park,-6.3150409,106.8821793,https://www.google.com/maps/place/Taman+Waru+Rambutan/data=!4m7!3m6!1s0x2e69ed6e62fcc4d9:0xe7f8d5b57024eeed!8m2!3d-6.3150409!4d106.8821793!16s%2Fg%2F11bv3mtd91!19sChIJ2cT8Ym7taS4R7e4kcLXV-Oc?authuser=0&hl=en&rclk=1
Taman Warung Silah,Park,-6.3445996,106.8066085,https://www.google.com/maps/place/Taman+Warung+Silah/data=!4m7!3m6!1s0x2e69ef5ec3df7fbf:0x393c45c2a21e8379!8m2!3d-6.3445996!4d106.8066085!16s%2Fg%2F11h9gvq5d7!19sChIJv3_fw17vaS4ReYMeosJFPDk?authuser=0&hl=en&rclk=1
Taman Wijaya IX,Park,-6.2495092,106.8039372,https://www.google.com/maps/place/Taman+Wijaya+IX/data=!4m7!3m6!1s0x2e69f14fc9184ef1:0xb32b4870f04de838!8m2!3d-6.2495092!4d106.8039372!16s%2Fg%2F11h0b7l0t8!19sChIJ8U4YyU_xaS4ROOhN8HBIK7M?authuser=0&hl=en&rclk=1
TAMAN WIJAYA KUSUMA,Garden,-6.3025039,106.8010958,https://www.google.com/maps/place/Taman+Wijaya+Kusuma/data=!4m7!3m6!1s0x2e69efdb3c07818b:0x2360c39e75e208ce!8m2!3d-6.3025039!4d106.8010958!16s%2Fg%2F11s33j32p5!19sChIJi4EHPNvvaS4RzgjidZ7DYCM?authuser=0&hl=en&rclk=1
TAMAN WIJAYA KUSUMA,Park,-6.1780323,106.7044249,https://www.google.com/maps/place/TAMAN+WIJAYA+KUSUMA/data=!4m7!3m6!1s0x2e69f8345d670fa9:0xe52c9f9c447f36ae!8m2!3d-6.1780323!4d106.7044249!16s%2Fg%2F11c0xq8nq8!19sChIJqQ9nXTT4aS4RrjZ_RJyfLOU?authuser=0&hl=en&rclk=1
"Taman Wisata Alam Mangrove, Angke Kapuk",Nature preserve,-6.1064903,106.7368887,"https://www.google.com/maps/place/Taman+Wisata+Alam+Mangrove,+Angke+Kapuk/data=!4m7!3m6!1s0x2e6a1d2589502ba3:0xc39c90629ab16290!8m2!3d-6.1064903!4d106.7368887!16s%2Fg%2F1pzpnxtjc!19sChIJoytQiSUdai4RkGKxmmKQnMM?authuser=0&hl=en&rclk=1"
Taman Yudhistira (Taman Maju Bersama),Park,-6.2419816,106.7610427,https://www.google.com/maps/place/Taman+Yudhistira+(Taman+Maju+Bersama)/data=!4m7!3m6!1s0x2e69f1ef826b10a3:0xa239bcc79a634cab!8m2!3d-6.2419816!4d106.7610427!16s%2Fg%2F11s7s891fb!19sChIJoxBrgu_xaS4Rq0xjmse8OaI?authuser=0&hl=en&rclk=1
Taman Zodia,Park,-6.2295284,106.7479786,https://www.google.com/maps/place/Taman+Zodia/data=!4m7!3m6!1s0x2e69f0c81263b863:0xa054cc26bdbae464!8m2!3d-6.2295284!4d106.7479786!16s%2Fg%2F11c1s0c2sy!19sChIJY7hjEsjwaS4RZOS6vSbMVKA?authuser=0&hl=en&rclk=1
Tanjung Park,Park,-6.301919,106.8391816,https://www.google.com/maps/place/Tanjung+Park/data=!4m7!3m6!1s0x2e69edf4ed5f91eb:0xa47ca7d6b29df015!8m2!3d-6.301919!4d106.8391816!16s%2Fg%2F11b6nccpfj!19sChIJ65Ff7fTtaS4RFfCdstanfKQ?authuser=0&hl=en&rclk=1
Tebet Eco Park,City park,-6.2373489,106.8529248,https://www.google.com/maps/place/Tebet+Eco+Park/data=!4m7!3m6!1s0x2e69f36d922448d5:0x83736dbd7ef2b25c!8m2!3d-6.2373489!4d106.8529248!16s%2Fg%2F11fj9k587d!19sChIJ1Ugkkm3zaS4RXLLyfr1tc4M?authuser=0&hl=en&rclk=1
Tebet ecopark,Garden,-6.2251223,106.8549881,https://www.google.com/maps/place/Tebet+ecopark/data=!4m7!3m6!1s0x2e69f36e7257aae1:0x6027a0bada45e460!8m2!3d-6.2251223!4d106.8549881!16s%2Fg%2F11t62cr_z8!19sChIJ4apXcm7zaS4RYORF2rqgJ2A?authuser=0&hl=en&rclk=1
TMB Cendana,Park,-6.3514277,106.8772544,https://www.google.com/maps/place/TMB+Cendana/data=!4m7!3m6!1s0x2e69ed20de753255:0x9bc16a923c504c4f!8m2!3d-6.3514277!4d106.8772544!16s%2Fg%2F11fn98b8cv!19sChIJVTJ13iDtaS4RT0xQPJJqwZs?authuser=0&hl=en&rclk=1
TMB TULIP (Taman Maju Bersama),Park,-6.3510848,106.8819499,https://www.google.com/maps/place/TMB+TULIP+(Taman+Maju+Bersama)/data=!4m7!3m6!1s0x2e69edef188def2b:0xf98a6cd3f7d63174!8m2!3d-6.3510848!4d106.8819499!16s%2Fg%2F11j3sb4fd8!19sChIJK--NGO_taS4RdDHW99Nsivk?authuser=0&hl=en&rclk=1
Tribeca Park,Park,-6.1772515,106.7904697,https://www.google.com/maps/place/Tribeca+Park/data=!4m7!3m6!1s0x2e69f65f7b0f0739:0xf771f6dc512bd1a1!8m2!3d-6.1772515!4d106.7904697!16s%2Fg%2F11cs17j29b!19sChIJOQcPe1_2aS4RodErUdz2cfc?authuser=0&hl=en&rclk=1
UI Park,Park,-6.3543155,106.8277609,https://www.google.com/maps/place/UI+Park/data=!4m7!3m6!1s0x2e69ec249a90b2d7:0x81de1290a2df316a!8m2!3d-6.3543155!4d106.8277609!16s%2Fg%2F1hm2d9dj0!19sChIJ17KQmiTsaS4RajHfopAS3oE?authuser=0&hl=en&rclk=1
Viaduct Latuharhary Park,Park,-6.2021435,106.827666,https://www.google.com/maps/place/Viaduct+Latuharhary+Park/data=!4m7!3m6!1s0x2e69f41a269bcde7:0x3cf90b8fce647d03!8m2!3d-6.2021435!4d106.827666!16s%2Fg%2F11c0rtcfkn!19sChIJ582bJhr0aS4RA31kzo8L-Tw?authuser=0&hl=en&rclk=1
Wildlife Cut Meutia,Park,-12.3739478,213.668391,https://www.google.com/maps/place/Wildlife+Cut+Meutia/data=!4m7!3m6!1s0x2e69f43a6db57795:0xbb7ce3163887e04d!8m2!3d-6.1869739!4d106.8341955!16s%2Fg%2F1yhbl7bvv!19sChIJlXe1bTr0aS4RTeCHOBbjfLs?authuser=0&hl=en&rclk=1
Yon Ang Air Garden,City park,-6.132085,106.9211483,https://www.google.com/maps/place/Yon+Ang+Air+Garden/data=!4m7!3m6!1s0x2e6a2007820d5109:0x1f6afd5253adc5a1!8m2!3d-6.132085!4d106.9211483!16s%2Fg%2F11fz9bs14x!19sChIJCVENggcgai4RocWtU1L9ah8?authuser=0&hl=en&rclk=1
Zona4_PPSU,Park,-6.1586082,106.8147341,https://www.google.com/maps/place/Zona4_PPSU/data=!4m7!3m6!1s0x2e69f7dfe894d079:0xada4df3fae4a9f99!8m2!3d-6.1586082!4d106.8147341!16s%2Fg%2F11q2vmq1bj!19sChIJedCU6N_3aS4RmZ9Krj_fpK0?authuser=0&hl=en&rclk=1
