TAMAN AMPERA 12,"Taman · Jl. Kapuk Raya No.8, RT.12/RW.11",https://www.google.com/maps/place/TAMAN+AMPERA+12/data=!4m7!3m6!1s0x2e6a1d4bc4950045:0x5c764bedecfb6889!8m2!3d-6.1279889!4d106.7400084!16s%2Fg%2F11j6rwxq1g!19sChIJRQCVxEsdai4RiWj77O1Ldlw?authuser=0&hl=id&rclk=1
Taman H. Biin,"Taman · VPF8+CQW, Jakarta Barat, RT.7/RW.5",https://www.google.com/maps/place/Taman+H.+Biin/data=!4m7!3m6!1s0x2e6a03f07b14ad17:0x424a920bf2f33b0b!8m2!3d-6.126394!4d106.716963!16s%2Fg%2F11l8lcp0b_!19sChIJF60Ue_ADai4RCzvz8guSSkI?authuser=0&hl=id&rclk=1
Taman surya 3,"Taman · VP76+JXP, Jl. Taman Surya 1, RT.8/RW.15 Buka sekarang",https://www.google.com/maps/place/Taman+surya+3/data=!4m7!3m6!1s0x2e6a0391b3acf997:0x1387391fa29129a7!8m2!3d-6.1359186!4d106.7124579!16s%2Fg%2F11n72xg533!19sChIJl_mss5EDai4RpymRoh85hxM?authuser=0&hl=id&rclk=1
Taman Perumahan Taman Kencana,Taman · RT.6/RW.12,https://www.google.com/maps/place/Taman+Perumahan+Taman+Kencana/data=!4m7!3m6!1s0x2e6a1dc33018be2d:0xc3991693c95a41c5!8m2!3d-6.1247246!4d106.7280827!16s%2Fg%2F11g0gngqs3!19sChIJLb4YMMMdai4RxUFayZMWmcM?authuser=0&hl=id&rclk=1
Taman Irigasi Pegadungan,Taman bermain · RT.8/RW.1,https://www.google.com/maps/place/Taman+Irigasi+Pegadungan/data=!4m7!3m6!1s0x2e6a03689da6bea3:0xadeb0c694d14fe39!8m2!3d-6.1357989!4d106.6934695!16s%2Fg%2F11j33fx9rn!19sChIJo76mnWgDai4ROf4UTWkM660?authuser=0&hl=id&rclk=1
Taman Wisata Alam Mangrove,Cagar Alam · Jl. Garden House Hutan bakau dengan beragam satwa liar,https://www.google.com/maps/place/Taman+Wisata+Alam+Mangrove/data=!4m7!3m6!1s0x2e6a1d2589502ba3:0xc39c90629ab16290!8m2!3d-6.1064903!4d106.7368887!16s%2Fg%2F1pzpnxtjc!19sChIJoytQiSUdai4RkGKxmmKQnMM?authuser=0&hl=id&rclk=1
Mesjid Taman Wisata Alam,"Tujuan Wisata · VPVP+9GX, Jl. Pantai Indah Kapuk, RT.6/RW.2",https://www.google.com/maps/place/Mesjid+Taman+Wisata+Alam/data=!4m7!3m6!1s0x2e6a1d505be15fd5:0xbe8c8a6c8d29b5e!8m2!3d-6.1065021!4d106.7363684!16s%2Fg%2F11f5_hc_ly!19sChIJ1V_hW1Adai4RXpvSyKbI6As?authuser=0&hl=id&rclk=1
"Pelestarian Lingkungan, Taman Florence, PIK",Taman Komunitas · VQV6+72W Buka sekarang,"https://www.google.com/maps/place/Pelestarian+Lingkungan,+Taman+Florence,+PIK/data=!4m7!3m6!1s0x2e6a1d055eb75d6d:0xd945f6c094e4d428!8m2!3d-6.1067607!4d106.7600921!16s%2Fg%2F11gdw32bzg!19sChIJbV23XgUdai4RKNTklMD2Rdk?authuser=0&hl=id&rclk=1"
taman,"Taman · Jl. Masjid An-Nur No.29, RT.6/RW.11",https://www.google.com/maps/place/taman/data=!4m7!3m6!1s0x2e69f73882296fa5:0x7d35404533675cde!8m2!3d-6.1589687!4d106.7463991!16s%2Fg%2F11q8wz95_9!19sChIJpW8pgjj3aS4R3lxnM0VANX0?authuser=0&hl=id&rclk=1
Taman Grisenda Blok A,"Taman · Giri Alamanda 2 No.RT.3, RT.3/RW.3 Buka sekarang",https://www.google.com/maps/place/Taman+Grisenda+Blok+A/data=!4m7!3m6!1s0x2e6a1dc2de76eb63:0x2181b7474ee4922b!8m2!3d-6.1309198!4d106.7555781!16s%2Fg%2F11g1ml3rtw!19sChIJY-t23sIdai4RK5LkTke3gSE?authuser=0&hl=id&rclk=1
TAMAN BELAJAR KITA,"Kelompok Bermain · Jl. Walungan Poncol No.1, RT.1/RW.8 Tutup ⋅ Buka Kam pukul 14.00",https://www.google.com/maps/place/TAMAN+BELAJAR+KITA/data=!4m7!3m6!1s0x2e6a03eda807d1a5:0x5bc961c311f5e946!8m2!3d-6.1130508!4d106.6968102!16s%2Fg%2F11lkqgczfg!19sChIJpdEHqO0Dai4RRun1EcNhyVs?authuser=0&hl=id&rclk=1
Taman Maju Bersama (TMB),"Taman · Jl. Sekretaris No.8, RT.8/RW.1",https://www.google.com/maps/place/Taman+Maju+Bersama+(TMB)/data=!4m7!3m6!1s0x2e69f7fd463dbf77:0x53f30e420a00b78!8m2!3d-6.1670363!4d106.7872432!16s%2Fg%2F11q1qs9nck!19sChIJd789Rv33aS4ReAugIOQwPwU?authuser=0&hl=id&rclk=1
TAMAN PALEM,"Housing complex · Jl. Taman Palem Lestari No.19B, RT.4/RW.13 Buka sekarang",https://www.google.com/maps/place/TAMAN+PALEM/data=!4m7!3m6!1s0x2e6a031af34b8e45:0x48b5b7cf55acf469!8m2!3d-6.1376609!4d106.7217879!16s%2Fg%2F11fm7l33js!19sChIJRY5L8xoDai4RafSsVc-3tUg?authuser=0&hl=id&rclk=1
Taman Gang Buaya,"Taman · Gg. Macan No.6, RT.3/RW.13",https://www.google.com/maps/place/Taman+Gang+Buaya/data=!4m7!3m6!1s0x2e69f789a1e074e5:0xa829e40710a2cf41!8m2!3d-6.1648156!4d106.77088!16s%2Fg%2F11hz6dx5gz!19sChIJ5XTgoYn3aS4RQc-iEAfkKag?authuser=0&hl=id&rclk=1
Taman Hijau,"Taman · Jl. Taman Surya Sakti 3 Blok No., Jl. Taman Surya Sakti 3 Blok K2 No.5, RT.10/RW.15 Tutup sementara",https://www.google.com/maps/place/Taman+Hijau/data=!4m7!3m6!1s0x2e6a02aeaa015c03:0xe1baec96eeab8e40!8m2!3d-6.1336153!4d106.7175453!16s%2Fg%2F11g86nltx8!19sChIJA1wBqq4Cai4RQI6r7pbsuuE?authuser=0&hl=id&rclk=1
Taman Perosotan Hijau,"Taman · Jl. Aries Asri V No.8, RT.7/RW.8",https://www.google.com/maps/place/Taman+Perosotan+Hijau/data=!4m7!3m6!1s0x2e69f761ee113ca9:0x40ec8d11dafef2a5!8m2!3d-6.1944322!4d106.7502605!16s%2Fg%2F11qydbfv96!19sChIJqTwR7mH3aS4RpfL-2hGN7EA?authuser=0&hl=id&rclk=1
Perumahan Taman Mahkota,"· Perumahan Taman Mahkota C1/28, RT.001/RW.009 Buka 24 jam",https://www.google.com/maps/place/Perumahan+Taman+Mahkota/data=!4m7!3m6!1s0x2e6a02ed5a03c261:0x7b42aa9a1661bd9b!8m2!3d-6.1188473!4d106.688517!16s%2Fg%2F11g8tx9kft!19sChIJYcIDWu0Cai4Rm71hFpqqQns?authuser=0&hl=id&rclk=1
Taman Bambu Larangan,"Taman Kota · VP39+C5G, RT.1/RW.11 Tutup sementara",https://www.google.com/maps/place/Taman+Bambu+Larangan/data=!4m7!3m6!1s0x2e69f80383dc3509:0x2f114b2a30eb1c69!8m2!3d-6.1464373!4d106.7179637!16s%2Fg%2F11fz4fxt10!19sChIJCTXcgwP4aS4RaRzrMCpLES8?authuser=0&hl=id&rclk=1
Trubus Taman,"Pembibitan Tanaman · Jalan Kapuk Raya No.18, Kapuk Muara, RT.3/RW.5 Buka ⋅ Tutup pukul 18.00",https://www.google.com/maps/place/Trubus+Taman/data=!4m7!3m6!1s0x2e69f7d634a4ea9f:0x9c49918ce3f16b55!8m2!3d-6.138597!4d106.7618614!16s%2Fg%2F11cjj07d_t!19sChIJn-qkNNb3aS4RVWvx44yRSZw?authuser=0&hl=id&rclk=1
PERUMAHAN TAMAN GOLF PIK,"Pembangunan Perumahan · Jl. Pantai Indah Utara Sektor Timur No.2, RT.1/RW.7 Buka sekarang",https://www.google.com/maps/place/PERUMAHAN+TAMAN+GOLF+PIK/data=!4m7!3m6!1s0x2e6a1d6aa77c44ed:0x700a645ad324464e!8m2!3d-6.1209567!4d106.7563908!16s%2Fg%2F11bzt2f4b_!19sChIJ7UR8p2odai4RTkYk01pkCnA?authuser=0&hl=id&rclk=1
Taman Blok F,Taman · RT.8/RW.6,https://www.google.com/maps/place/Taman+Blok+F/data=!4m7!3m6!1s0x2e69f73d00e33265:0xe5f88f936a98c4fd!8m2!3d-6.1959547!4d106.7497838!16s%2Fg%2F11hgbnfbd3!19sChIJZTLjAD33aS4R_cSYapOP-OU?authuser=0&hl=id&rclk=1
Taman Potret,"Taman · RJ3J+VVW, RT.001/RW.005 Taman kecil dengan area bermain & patung",https://www.google.com/maps/place/Taman+Potret/data=!4m7!3m6!1s0x2e69f933ab97efa5:0xaebe24b127336d5b!8m2!3d-6.1952608!4d106.632193!16s%2Fg%2F11ckqqqn2w!19sChIJpe-XqzP5aS4RW20zJ7Ekvq4?authuser=0&hl=id&rclk=1
Taman Melur,"Taman Kota · Jl. Raya Kb. Jeruk No.2, RT.2/RW.6",https://www.google.com/maps/place/Taman+Melur/data=!4m7!3m6!1s0x2e69f6e1d461b7b9:0x690f5d930dfa8145!8m2!3d-6.1958631!4d106.7709362!16s%2Fg%2F11fz7rz426!19sChIJubdh1OH2aS4RRYH6DZNdD2k?authuser=0&hl=id&rclk=1
Taman Bambu (Bamboo Park),"Taman · RJ4J+9W2, RT.007/RW.003 Buka ⋅ Tutup pukul 22.00",https://www.google.com/maps/place/Taman+Bambu+(Bamboo+Park)/data=!4m7!3m6!1s0x2e69f932f44c45a3:0x56ba1edc3fbab63a!8m2!3d-6.1941126!4d106.6322643!16s%2Fg%2F11c2pvylfq!19sChIJo0VM9DL5aS4ROra6P9weulY?authuser=0&hl=id&rclk=1
Taman Bermain,"Taman · Jl. Edinburgh Raya No.2, RT.2/RW.1 Buka sekarang",https://www.google.com/maps/place/Taman+Bermain/data=!4m7!3m6!1s0x2e69f77f7c10fc59:0xcce5275e69467e07!8m2!3d-6.1798403!4d106.7268377!16s%2Fg%2F11fx8x09wv!19sChIJWfwQfH_3aS4RB35GaV4n5cw?authuser=0&hl=id&rclk=1
HISAMAN TAMAN KOTA,"Taman bermain · Jl. Taman Kota No.9, RW.5",https://www.google.com/maps/place/HISAMAN+TAMAN+KOTA/data=!4m7!3m6!1s0x2e69f7c4988d4f49:0xaae412ac0e51a6a3!8m2!3d-6.158971!4d106.756114!16s%2Fg%2F11p5fq_8wb!19sChIJSU-NmMT3aS4Ro6ZRDqwS5Ko?authuser=0&hl=id&rclk=1
Taman Gajah Tunggal,"Taman · RJ5M+MC6, Jl. Perintis Kemerdekaan, RT.006/RW.003 Ayunan ban dan mobil bertenaga baterai Buka sekarang",https://www.google.com/maps/place/Taman+Gajah+Tunggal/data=!4m7!3m6!1s0x2e69f971f44c5f27:0x807d360747983e38!8m2!3d-6.1908267!4d106.6335122!16s%2Fg%2F11kzc638l3!19sChIJJ19M9HH5aS4ROD6YRwc2fYA?authuser=0&hl=id&rclk=1
TAMAN,"Taman Kota · Jl. Buana Gardena No.1, RT.004/RW.004",https://www.google.com/maps/place/TAMAN/data=!4m7!3m6!1s0x2e69f96d6be4d479:0xc3b4a269bbe7e263!8m2!3d-6.220544!4d106.683887!16s%2Fg%2F11mts3tlsm!19sChIJedTka235aS4RY-Lnu2mitMM?authuser=0&hl=id&rclk=1
Taman kecil helikopter,"Taman Kota · RP3W+8CW, RT.1/RW.9 Buka sekarang",https://www.google.com/maps/place/Taman+kecil+helikopter/data=!4m7!3m6!1s0x2e69f77bf87201a5:0xb77a8407d7985c04!8m2!3d-6.196635!4d106.7460712!16s%2Fg%2F11fl1rwybr!19sChIJpQFy-Hv3aS4RBFyY1weEerc?authuser=0&hl=id&rclk=1
Taman Literasi Martha Tiahahu,"Taman · Jl. Sisingamangaraja, RT.3/RW.1 Taman rindang dengan patung & kolam",https://www.google.com/maps/place/Taman+Literasi+Martha+Tiahahu/data=!4m7!3m6!1s0x2e69f16b8b5cbc63:0xcf6106d08b36f129!8m2!3d-6.243337!4d106.7986509!16s%2Fg%2F11bzym8k29!19sChIJY7xci2vxaS4RKfE2i9AGYc8?authuser=0&hl=id&rclk=1
taman grisenda blok GE no. 03,"Toko Perlengkapan Rumah · taman grisenda blok GE, Jl. Kapuk Raya No.03, RT.7/RW.3 Buka ⋅ Tutup pukul 21.00",https://www.google.com/maps/place/taman+grisenda+blok+GE+no.+03/data=!4m7!3m6!1s0x2e6a1d2eab3d073d:0x556f04461331f7ab!8m2!3d-6.1352109!4d106.7541877!16s%2Fg%2F11h77m_zt8!19sChIJPQc9qy4dai4Rq_cxE0YEb1U?authuser=0&hl=id&rclk=1
Taman Dukuh Atas,"Taman Kota · QRWF+73Q, RT.3/RW.3 Buka 24 jam",https://www.google.com/maps/place/Taman+Dukuh+Atas/data=!4m7!3m6!1s0x2e69f56fb112f3af:0xe3147372bac5152e!8m2!3d-6.2042816!4d106.8227482!16s%2Fg%2F11hz782flv!19sChIJr_MSsW_1aS4RLhXFunJzFOM?authuser=0&hl=id&rclk=1
park residence M53,"Pondok · VP66+5PG, Jl. Taman Surya 5, RT.8/RW.19",https://www.google.com/maps/place/park+residence+M53/data=!4m7!3m6!1s0x2e69f93cb2addb59:0x53c13c32fceaab!8m2!3d-6.1395704!4d106.7118407!16s%2Fg%2F11hz0svvf7!19sChIJWdutsjz5aS4Rq-r8MjzBUwA?authuser=0&hl=id&rclk=1
Taman Mataram Jakarta,Taman Kota · Jl. Sisingamangaraja No.2 Taman kota rindang plus taman bermain Buka sekarang,https://www.google.com/maps/place/Taman+Mataram+Jakarta/data=!4m7!3m6!1s0x2e69f146b787a2c1:0xd04ecd93726c3e77!8m2!3d-6.2328196!4d106.7995376!16s%2Fg%2F11b7q6zxk0!19sChIJwaKHt0bxaS4Rdz5scpPNTtA?authuser=0&hl=id&rclk=1
Taman Bermain,"Taman · No.17,, Jl. Mangga Tiga Blok C. 5 No.16, RT.004/RW.010",https://www.google.com/maps/place/Taman+Bermain/data=!4m7!3m6!1s0x2e69f98abfb809bb:0x624ddc30677b228a!8m2!3d-6.2202034!4d106.6984952!16s%2Fg%2F11cjh_xn6m!19sChIJuwm4v4r5aS4RiiJ7ZzDcTWI?authuser=0&hl=id&rclk=1
Taman Sambas,"Taman · No., Jl. Sungai Sambas I No.10, RT.3/RW.5 Buka 24 jam",https://www.google.com/maps/place/Taman+Sambas/data=!4m7!3m6!1s0x2e69f16d6a5f8d83:0x3bf4e21d3801ff78!8m2!3d-6.2478467!4d106.7961644!16s%2Fg%2F11bx55c528!19sChIJg41fam3xaS4ReP8BOB3i9Ds?authuser=0&hl=id&rclk=1
Park Residence,"· 7 19, RT.7/RW.19 Buka ⋅ Tutup pukul 17.00",https://www.google.com/maps/place/Park+Residence/data=!4m7!3m6!1s0x2e6a02a82af63079:0xa0e083e9c8f9201a!8m2!3d-6.139144!4d106.712278!16s%2Fg%2F11gd4gyrh2!19sChIJeTD2KqgCai4RGiD5yOmD4KA?authuser=0&hl=id&rclk=1
Taman Bunga Matahari,"Taman · WH3M+WCR, Desa Kayu Agung Buka ⋅ Tutup pukul 18.00",https://www.google.com/maps/place/Taman+Bunga+Matahari/data=!4m7!3m6!1s0x2e6a0185f9f8ac15:0x140ccc8d81ed6441!8m2!3d-6.0951299!4d106.5835197!16s%2Fg%2F11ffv3qy5w!19sChIJFaz4-YUBai4RQWTtgY3MDBQ?authuser=0&hl=id&rclk=1
Taman Kembang Kerep,"Taman bermain · RP5R+3VC, Jl. Kembang Kerep, RT.4/RW.2 Buka 24 jam",https://www.google.com/maps/place/Taman+Kembang+Kerep/data=!4m7!3m6!1s0x2e69f7b17f85a6a3:0xc999cd6215451b46!8m2!3d-6.1923239!4d106.7421542!16s%2Fg%2F11h_ts3_rd!19sChIJo6aFf7H3aS4RRhtFFWLNmck?authuser=0&hl=id&rclk=1
Tebet Eco Park,"Taman Kota · Jl. Tebet Barat Raya, RT.1/RW.10 Taman tepi sungai luas & jalur joging Buka sekarang",https://www.google.com/maps/place/Tebet+Eco+Park/data=!4m7!3m6!1s0x2e69f36d922448d5:0x83736dbd7ef2b25c!8m2!3d-6.2373489!4d106.8529248!16s%2Fg%2F11fj9k587d!19sChIJ1Ugkkm3zaS4RXLLyfr1tc4M?authuser=0&hl=id&rclk=1
Taman grisenda blok c2 no. 47,"Housing complex · Jl. Giri Indah No.6, RT.3/RW.3 Buka sekarang",https://www.google.com/maps/place/Taman+grisenda+blok+c2+no.+47/data=!4m7!3m6!1s0x2e6a1ddf169e85ef:0x2ad52dcda1bf70dc!8m2!3d-6.1296516!4d106.7593551!16s%2Fg%2F11h0vt3h7p!19sChIJ74WeFt8dai4R3HC_oc0t1So?authuser=0&hl=id&rclk=1
Taman Grisenda Cluster Lucky Park Marketing Office,"Kantor Perusahaan · VQ85+VPW, Unnamed Road, RT.7/RW.3 Buka ⋅ Tutup pukul 17.45",https://www.google.com/maps/place/Taman+Grisenda+Cluster+Lucky+Park+Marketing+Office/data=!4m7!3m6!1s0x2e6a1d7ca8dcf133:0xe5a58c391f8f332d!8m2!3d-6.1327734!4d106.759338!16s%2Fg%2F11f50t_xt4!19sChIJM_HcqHwdai4RLTOPHzmMpeU?authuser=0&hl=id&rclk=1
taman,"Taman · PP67+2CR, Jl. Mertilang X",https://www.google.com/maps/place/taman/data=!4m7!3m6!1s0x2e69fb6505919931:0x71115d66cd403674!8m2!3d-6.2898932!4d106.7135075!16s%2Fg%2F11p9mxw2k5!19sChIJMZmRBWX7aS4RdDZAzWZdEXE?authuser=0&hl=id&rclk=1
Taman Pejatian,Taman · RT.2/RW.5,https://www.google.com/maps/place/Taman+Pejatian/data=!4m7!3m6!1s0x2e69f3824c4e672f:0xd1d416c25a55db53!8m2!3d-6.2764744!4d106.8456945!16s%2Fg%2F11p12lxh3f!19sChIJL2dOTILzaS4RU9tVWsIW1NE?authuser=0&hl=id&rclk=1
Taman mandiri,"Taman Hiburan · Jl. Pintu Besar Selatan No.33, RT.6/RW.5",https://www.google.com/maps/place/Taman+mandiri/data=!4m7!3m6!1s0x2e69f76c88380603:0x59486eaac676a900!8m2!3d-6.1415605!4d106.8142885!16s%2Fg%2F11pc97g36d!19sChIJAwY4iGz3aS4RAKl2xqpuSFk?authuser=0&hl=id&rclk=1
Taman kencana C3 no 9,"· Jl. Kali Andra 2 Blok C. 3 No.9, RT.4/RW.12 Buka sekarang",https://www.google.com/maps/place/Taman+kencana+C3+no+9/data=!4m7!3m6!1s0x2e6a1df91c1e7f83:0x21856ab3b9b499c1!8m2!3d-6.1263419!4d106.7270005!16s%2Fg%2F11h75ttrqf!19sChIJg38eHPkdai4RwZm0ubNqhSE?authuser=0&hl=id&rclk=1
Taman,"Taman · VV2R+699, Jl. Mall of Indonesia Gate A, RT.18/RW.8",https://www.google.com/maps/place/Taman/data=!4m7!3m6!1s0x2e69f5d6150d6731:0x42383251ed515168!8m2!3d-6.1494607!4d106.8909735!16s%2Fg%2F11jzw9_2yj!19sChIJMWcNFdb1aS4RaFFR7VEyOEI?authuser=0&hl=id&rclk=1
Taman Impian Jaya Ancol,"Taman · VVM5+359 Area hiburan dengan kuliner, game, dsb. Buka ⋅ Tutup pukul 18.00",https://www.google.com/maps/place/Taman+Impian+Jaya+Ancol/data=!4m7!3m6!1s0x2e6a1e36f7d35d57:0x7185c13d06491a96!8m2!3d-6.1173332!4d106.8579951!16s%2Fg%2F11cjk2c8t1!19sChIJV13T9zYeai4RlhpJBj3BhXE?authuser=0&hl=id&rclk=1
Kumon Taman Surya,"Kursus · Ruko Mutiara Surya Blok L1 No. 2, Perumahan Taman Surya 3, Jl. Taman Surya Bulevar, Kalideres, RT.1/RW.13, RT.1/RW.13 Buka ⋅ Tutup pukul 17.00",https://www.google.com/maps/place/Kumon+Taman+Surya/data=!4m7!3m6!1s0x2e6a02af587247e3:0xe4713438fcfe0805!8m2!3d-6.1354666!4d106.7168329!16s%2Fg%2F1tl6n6_w!19sChIJ40dyWK8Cai4RBQj-_Dg0ceQ?authuser=0&hl=id&rclk=1
Taman Impian Jaya Ancol,"Tujuan Wisata · Jl. Lodan Timur No.7, RW.10 Resor dengan taman hiburan, pantai, golf Buka ⋅ Tutup pukul 22.00",https://www.google.com/maps/place/Taman+Impian+Jaya+Ancol/data=!4m7!3m6!1s0x2e69f47477efd771:0x85206a9cc2c15358!8m2!3d-6.1289702!4d106.8333074!16zL20vMDg5OWR6!19sChIJcdfvd3T0aS4RWFPBwpxqIIU?authuser=0&hl=id&rclk=1
GKII Taman Surya,"Gereja Kristen · Taman Surya 3 Blok K1 No. 3, Jl. Taman Palem Lestari, RT.1/RW.13",https://www.google.com/maps/place/GKII+Taman+Surya/data=!4m7!3m6!1s0x2e6a02ac1bfbf011:0x882b9c8c30ad42d1!8m2!3d-6.1328743!4d106.7179335!16s%2Fg%2F1s049wjc6!19sChIJEfD7G6wCai4R0UKtMIycK4g?authuser=0&hl=id&rclk=1
Taman Palem Lestari Blok CC-5 No.9,"Rumah Pondokan · Jl. Taman Palem Lestari Blok CC-5 No.9 RT/RW. 008/005, RT.8/RW.5",https://www.google.com/maps/place/Taman+Palem+Lestari+Blok+CC-5+No.9/data=!4m7!3m6!1s0x2e6a03696fb6ceab:0x2d174b81c1d07b9d!8m2!3d-6.1311083!4d106.7149854!16s%2Fg%2F11gr1scs6g!19sChIJq862b2kDai4RnXvQwYFLFy0?authuser=0&hl=id&rclk=1
Taman Mini Indonesia Indah,Taman Hiburan Taman yg memamerkan keindahan Indonesia,https://www.google.com/maps/place/Taman+Mini+Indonesia+Indah/data=!4m7!3m6!1s0x2e69ed50d076a261:0x73127b9ecf2da0c!8m2!3d-6.3024459!4d106.8951559!16zL20vMDhiaHFr!19sChIJYaJ20FDtaS4RDNry7LknMQc?authuser=0&hl=id&rclk=1
Mall Taman Palem,"Pusat Perbelanjaan · Jl. Kamal Raya No.13, RT.13/RW.10 Buka ⋅ Tutup pukul 21.00",https://www.google.com/maps/place/Mall+Taman+Palem/data=!4m7!3m6!1s0x2e69f70968c033bd:0x88487f50f7f7bbe0!8m2!3d-6.1395027!4d106.7317168!16s%2Fg%2F11dd_vk12g!19sChIJvTPAaAn3aS4R4Lv391B_SIg?authuser=0&hl=id&rclk=1
Sempoa SIP Taman Surya 5,"Pusat Pendidikan · Jl. Taman Surya 5 blok MM3 no 10A, RT.7/RW.2 Buka ⋅ Tutup pukul 17.30",https://www.google.com/maps/place/Sempoa+SIP+Taman+Surya+5/data=!4m7!3m6!1s0x2e6a02a64ceffff9:0xace652ea1deff1d5!8m2!3d-6.1352355!4d106.7057071!16s%2Fg%2F11c6073d2t!19sChIJ-f_vTKYCai4R1fHvHepS5qw?authuser=0&hl=id&rclk=1
GKBJ Taman Kencana – Jakarta Christian Baptist Church,"Gereja · Komplek Taman Kencana Blok A1 No. 16 Jakarta, RT.2/RW.12 Buka ⋅ Tutup pukul 21.00",https://www.google.com/maps/place/GKBJ+Taman+Kencana+%E2%80%93+Jakarta+Christian+Baptist+Church/data=!4m7!3m6!1s0x2e6a1d4d96ee03bf:0x2fe87fde9c18433f!8m2!3d-6.1274197!4d106.7274737!16s%2Fg%2F11b6gltzkr!19sChIJvwPulk0dai4RP0MYnN5_6C8?authuser=0&hl=id&rclk=1
Taman Panjang,"Taman Kota · 7, RT.7/RW.4",https://www.google.com/maps/place/Taman+Panjang/data=!4m7!3m6!1s0x2e69ef496f602975:0x83467457bef15751!8m2!3d-6.3490407!4d106.8055313!16s%2Fg%2F11fpd7h74p!19sChIJdSlgb0nvaS4RUVfxvld0RoM?authuser=0&hl=id&rclk=1
Pasar Darurat Taman Palem Lestari,Pasar · Pasar darurat taman palem lestari Buka ⋅ Tutup pukul 16.30,https://www.google.com/maps/place/Pasar+Darurat+Taman+Palem+Lestari/data=!4m7!3m6!1s0x2e6a036a2eb6e995:0xb4599dddad0109fc!8m2!3d-6.1309182!4d106.7176276!16s%2Fg%2F11h_z0648k!19sChIJlem2LmoDai4R_AkBrd2dWbQ?authuser=0&hl=id&rclk=1
Taman Burung TMII,Taman · MWX3+PFW Taman berkubah besar dengan 300+ burung Buka sekarang,https://www.google.com/maps/place/Taman+Burung+TMII/data=!4m7!3m6!1s0x2e69ed2a54828697:0xece76f24c01269e8!8m2!3d-6.3006394!4d106.9036959!16s%2Fg%2F1tp4lj67!19sChIJl4aCVCrtaS4R6GkSwCRv5-w?authuser=0&hl=id&rclk=1
Museum Taman Prasasti,"Tujuan Wisata · Jl. Tanah Abang I No.1, RT.11/RW.8 Pemakaman & museum Belanda tahun 1700-an Buka ⋅ Tutup pukul 15.00",https://www.google.com/maps/place/Museum+Taman+Prasasti/data=!4m7!3m6!1s0x2e69f5d5d956ed99:0x90970858c9aba297!8m2!3d-6.1722241!4d106.8189695!16s%2Fm%2F0b777jc!19sChIJme1W2dX1aS4Rl6KryVgIl5A?authuser=0&hl=id&rclk=1
Taman garden,"Taman · RQP6+F45, RT.1/RW.4 Tutup sementara",https://www.google.com/maps/place/Taman+garden/data=!4m7!3m6!1s0x2e69f7b05f96efef:0xd212ad3f6ab2618!8m2!3d-6.1638537!4d106.7603613!16s%2Fg%2F11bw7k55fq!19sChIJ7--WX7D3aS4RGCar9tMqIQ0?authuser=0&hl=id&rclk=1
Edify Course Taman Surya III,"Pusat Pendidikan · Jl. Taman Surya 3 No.28C, RT.1/RW.18 Segera buka ⋅ Buka pukul 14.00",https://www.google.com/maps/place/Edify+Course+Taman+Surya+III/data=!4m7!3m6!1s0x2e6a02af5b19f8f9:0x43df1fa973fb93f1!8m2!3d-6.133214!4d106.7122761!16s%2Fg%2F11hc_g2n7m!19sChIJ-fgZW68Cai4R8ZP7c6kf30M?authuser=0&hl=id&rclk=1
Klinik Taman Surya,"Klinik Medis · Jl. Taman Surya Utama 2 No.27, RT.1/RW.15 Buka ⋅ Tutup pukul 21.00",https://www.google.com/maps/place/Klinik+Taman+Surya/data=!4m7!3m6!1s0x2e6a02a99fc4fd61:0xdb4d85c263f172de!8m2!3d-6.1366246!4d106.7163585!16s%2Fg%2F1ptwjwc__!19sChIJYf3En6kCai4R3nLxY8KFTds?authuser=0&hl=id&rclk=1
Indomaret Taman Kencana (TK08),"Minimarket · Jl. Kencana Raya No.1, RT.3/RW.12 Buka ⋅ Tutup pukul 22.00",https://www.google.com/maps/place/Indomaret+Taman+Kencana+(TK08)/data=!4m7!3m6!1s0x2e6a1d4d78131e09:0x5d3c9aecc3887a2e!8m2!3d-6.1279282!4d106.7262913!16s%2Fg%2F11bzv6s75g!19sChIJCR4TeE0dai4RLnqIw-yaPF0?authuser=0&hl=id&rclk=1
Kumon,"Institusi Pendidikan · Ruko taman Palem Lestari, Jl. Taman Palem Lestari No.15, RT.8/RW.13 Buka ⋅ Tutup pukul 17.00",https://www.google.com/maps/place/Kumon/data=!4m7!3m6!1s0x2e69f7fe31ebd7a3:0x5923f99459660ad9!8m2!3d-6.1390005!4d106.7263434!16s%2Fg%2F1pzs84mz6!19sChIJo9frMf73aS4R2QpmWZT5I1k?authuser=0&hl=id&rclk=1
KOPI SENYUM Taman Palem,"Kafe · Jl. Taman Palem Lestari, RT.10/RW.13 Buka ⋅ Tutup pukul 22.00",https://www.google.com/maps/place/KOPI+SENYUM+Taman+Palem/data=!4m7!3m6!1s0x2e69f75adaa95d81:0xc7ec157a4765d703!8m2!3d-6.1392117!4d106.7241086!16s%2Fg%2F11fq8q2jl0!19sChIJgV2p2lr3aS4RA9dlR3oV7Mc?authuser=0&hl=id&rclk=1
Victory Taman Palem,"Toko Mebel · Ruko taman Palem Lestari, Jl. Taman Palem Lestari Blok D10, RT.10/RW.13 Buka ⋅ Tutup pukul 18.00",https://www.google.com/maps/place/Victory+Taman+Palem/data=!4m7!3m6!1s0x2e69f7fffeb18c0f:0x26076fe4cd4e3d4d!8m2!3d-6.1394995!4d106.7247372!16s%2Fg%2F1q62ksgwx!19sChIJD4yx_v_3aS4RTT1OzeRvByY?authuser=0&hl=id&rclk=1
Taman Maju Bersama Mandor Hasan,"Taman · Jl. Mandor Hasan Gg. Al-Barkah No.44a, RT.10/RW.1",https://www.google.com/maps/place/Taman+Maju+Bersama+Mandor+Hasan/data=!4m7!3m6!1s0x2e69edd648c08147:0x49dd3c972b51241d!8m2!3d-6.3225845!4d106.8949208!16s%2Fg%2F11fn0d15db!19sChIJR4HASNbtaS4RHSRRK5c83Uk?authuser=0&hl=id&rclk=1
Surya Digital Taman Surya,"· Ruko Taman Surya 3 Blok K1 No.4 Boulevard, Jl. Taman Palem Lestari, RT.1/RW.13 Buka ⋅ Tutup pukul 18.00",https://www.google.com/maps/place/Surya+Digital+Taman+Surya/data=!4m7!3m6!1s0x2e6a0365e16f37ad:0x10ceb6cf31168b59!8m2!3d-6.132864!4d106.7179256!16s%2Fg%2F11j2c5nhjz!19sChIJrTdv4WUDai4RWYsWMc-2zhA?authuser=0&hl=id&rclk=1
"Totlah, Taman Palem Lestari","Restoran · blok CC 1, Jl. Taman Palem Lestari Blok Cc-1 No.7, Jl. Taman Palem Lestari No.8a, RT.8/RW.5 Buka ⋅ Tutup pukul 03.00","https://www.google.com/maps/place/Totlah,+Taman+Palem+Lestari/data=!4m7!3m6!1s0x2e6a033bbb93d0c7:0x8625206bfbb307f6!8m2!3d-6.1306605!4d106.7163913!16s%2Fg%2F11np35yhxt!19sChIJx9CTuzsDai4R9gez-2sgJYY?authuser=0&hl=id&rclk=1"
Pool Spot Billiard Perumahan Permata Taman Palem,"Tempat Biliar · no 6 11830, Jl. Taman Surya Boulevard Blok H1 No.7, RT.13/RW.3 Buka ⋅ Tutup pukul 02.00",https://www.google.com/maps/place/Pool+Spot+Billiard+Perumahan+Permata+Taman+Palem/data=!4m7!3m6!1s0x2e6a02a590d9def5:0x5c5b90cee053e7d6!8m2!3d-6.1322609!4d106.7107362!16s%2Fg%2F11b6v2f858!19sChIJ9d7ZkKUCai4R1udT4M6QW1w?authuser=0&hl=id&rclk=1
Taman Kasia,Taman Kota · RT.5/RW.1 Buka ⋅ Tutup pukul 17.00,https://www.google.com/maps/place/Taman+Kasia/data=!4m7!3m6!1s0x2e69eddb912f1e41:0xc88803fe65a02990!8m2!3d-6.3201685!4d106.8944826!16s%2Fg%2F11j0nfd5v5!19sChIJQR4vkdvtaS4RkCmgZf4DiMg?authuser=0&hl=id&rclk=1
INDOMARET TAMAN PALEM LESTARI BLO A5,"Minimarket · Komp. Ruko Taman Palem Lestari, Jl. Taman Palem Lestari No.63, RT.8/RW.5",https://www.google.com/maps/place/INDOMARET+TAMAN+PALEM+LESTARI+BLO+A5/data=!4m7!3m6!1s0x2e6a038fa7e40a15:0xee6d9343ba972549!8m2!3d-6.1353659!4d106.7211694!16s%2Fg%2F11rc7krwms!19sChIJFQrkp48Dai4RSSWXukOTbe4?authuser=0&hl=id&rclk=1
Kumon Mutiara Taman Palem,"Pusat Belajar · Mutiara Taman palem Blok D1 No. 80, Cengkareng, RT.13/RW.10",https://www.google.com/maps/place/Kumon+Mutiara+Taman+Palem/data=!4m7!3m6!1s0x2e69f0ad5d6c840f:0x350a82b597ca4ee9!8m2!3d-6.1419463!4d106.7339706!16s%2Fg%2F1q5gj16m0!19sChIJD4RsXa3waS4R6U7Kl7WCCjU?authuser=0&hl=id&rclk=1
JNT TAMAN SURYA DUA,"Jasa Kurir · Jl. Taman Surya Bulevar No.1, RT.1/RW.13 Buka ⋅ Tutup pukul 03.00",https://www.google.com/maps/place/JNT+TAMAN+SURYA+DUA/data=!4m7!3m6!1s0x2e6a0342153f2723:0xe7336abe781a9c6c!8m2!3d-6.1365059!4d106.7167596!16s%2Fg%2F11g0dvfm_l!19sChIJIyc_FUIDai4RbJwaeL5qM-c?authuser=0&hl=id&rclk=1
FUN WORLD Lotte Mart Taman Surya,"Pusat Perbelanjaan · VP93+6HF, Unnamed Road, RT.5/RW.2 Buka ⋅ Tutup pukul 21.00",https://www.google.com/maps/place/FUN+WORLD+Lotte+Mart+Taman+Surya/data=!4m7!3m6!1s0x2e6a03f76ffc6c91:0x437a6d1c34c9af28!8m2!3d-6.131933!4d106.7039212!16s%2Fg%2F11h7fm7zfq!19sChIJkWz8b_cDai4RKK_JNBxtekM?authuser=0&hl=id&rclk=1
Niaga Internasional Perkasa. PT,"Pusat Bisnis · Mutiara Taman Palem, Jkt Outer Ring Road Jl. Kamal Raya No.27, RT.7/RW.14 Buka ⋅ Tutup Rab pukul 05.00",https://www.google.com/maps/place/Niaga+Internasional+Perkasa.+PT/data=!4m7!3m6!1s0x2e6a1d5600ee141d:0x18ba312bd61a461f!8m2!3d-6.1379474!4d106.7315943!16s%2Fg%2F11g65c965j!19sChIJHRTuAFYdai4RH0Ya1isxuhg?authuser=0&hl=id&rclk=1
Komplek Permata Taman Palm,"Otoritas Perumahan · Jl. Permata Taman Palem No.3, RT.6/RW.3 Buka 24 jam",https://www.google.com/maps/place/Komplek+Permata+Taman+Palm/data=!4m7!3m6!1s0x2e6a02a5098049f5:0xa05b7c574713cf2f!8m2!3d-6.1316763!4d106.7102365!16s%2Fg%2F11fy2pm5w1!19sChIJ9UmACaUCai4RL88TR1d8W6A?authuser=0&hl=id&rclk=1
Honda Taman Palem Lestari,"Kantor Perusahaan · Jl. Ruko Mutiara Palem Raya No.7, RT.7/RW.14",https://www.google.com/maps/place/Honda+Taman+Palem+Lestari/data=!4m7!3m6!1s0x2e69f7ee4c44e0f5:0x19cc4beee74fc2ac!8m2!3d-6.1386707!4d106.7353179!16s%2Fg%2F11fl5tqr5g!19sChIJ9eBETO73aS4RrMJP5-5LzBk?authuser=0&hl=id&rclk=1
Pujasera Taman Palem Lestari,Pujasera · RT.9/RW.3 Buka ⋅ Tutup pukul 22.00,https://www.google.com/maps/place/Pujasera+Taman+Palem+Lestari/data=!4m7!3m6!1s0x2e6a02a3170381a7:0x367956398e7fbd9e!8m2!3d-6.1311685!4d106.7049751!16s%2Fg%2F11f2gscfmf!19sChIJp4EDF6MCai4Rnr1_jjlWeTY?authuser=0&hl=id&rclk=1
Choco Latte Taman Surya 2,"Kafe Coklat · Jl. Taman Surya Boulevard No.50, RT.4/RW.15 Buka ⋅ Tutup pukul 21.00",https://www.google.com/maps/place/Choco+Latte+Taman+Surya+2/data=!4m7!3m6!1s0x2e6a02a947d88421:0x86ee800ac4c7c6bd!8m2!3d-6.1345205!4d106.7159766!16s%2Fg%2F11csbn8m1g!19sChIJIYTYR6kCai4RvcbHxAqA7oY?authuser=0&hl=id&rclk=1
Kopi Soe Taman Palem,"Kafe · Blok A11 no 7 Jalan Taman Palem Mutiara Blok A11 No.7 Cengkareng Timur Cengkareng RT.7, RT.7/RW.14 Buka ⋅ Tutup pukul 21.00",https://www.google.com/maps/place/Kopi+Soe+Taman+Palem/data=!4m7!3m6!1s0x2e6a039759d0d7bb:0x5c7ef9f2890bc59c!8m2!3d-6.1370408!4d106.7319051!16s%2Fg%2F11h6ry7mv1!19sChIJu9fQWZcDai4RnMULifL5flw?authuser=0&hl=id&rclk=1
KOKOH BEN TAMAN SURYA,"Restoran · Jl. Taman Surya 3 No.10, RT.10/RW.15 Buka ⋅ Tutup pukul 21.00",https://www.google.com/maps/place/KOKOH+BEN+TAMAN+SURYA/data=!4m7!3m6!1s0x2e6a03916f0162e3:0xab3a69491d1aa11e!8m2!3d-6.1332938!4d106.717055!16s%2Fg%2F11jgjyc4lk!19sChIJ42IBb5EDai4RHqEaHUlpOqs?authuser=0&hl=id&rclk=1
Super Indo Taman Palem,"Toko Swalayan · Jl. Permata Taman Palem Taman Surya No.01, RT.8/RW.3 Buka ⋅ Tutup pukul 22.00",https://www.google.com/maps/place/Super+Indo+Taman+Palem/data=!4m7!3m6!1s0x2e6a02a59aab94e7:0xf49c1ed780cafbc1!8m2!3d-6.1321812!4d106.7108962!16s%2Fg%2F1tcwcdrz!19sChIJ55SrmqUCai4RwfvKgNcenPQ?authuser=0&hl=id&rclk=1
Taman Margasatwa Ragunan,Tujuan Wisata · Jl. Harsono RM No.1 Kebun binatang luas di hutan tropis Buka ⋅ Tutup pukul 16.00,https://www.google.com/maps/place/Taman+Margasatwa+Ragunan/data=!4m7!3m6!1s0x2e69edfdb17f7b7d:0xf9dd2a3f5ab5069a!8m2!3d-6.3119408!4d106.8208153!16zL20vMDdfZmRo!19sChIJfXt_sf3taS4Rmga1Wj8q3fk?authuser=0&hl=id&rclk=1
Taman Surya Park,"Taman · Jl. Taman Surya I No.25-26, RT.4/RW.5 Tutup sementara",https://www.google.com/maps/place/Taman+Surya+Park/data=!4m7!3m6!1s0x2e69f7ae8ec5dcc3:0xeada535bc6175499!8m2!3d-6.1710893!4d106.7637594!16s%2Fg%2F11c0vyw_x5!19sChIJw9zFjq73aS4RmVQXxltT2uo?authuser=0&hl=id&rclk=1
"PASAR LARIS, TAMAN SURYA 5","Pasar · Pasar LARIS, Jalan Taman Surya Utama 2, blok jj5, no 1, RT.1/RW.19 Tutup ⋅ Buka Rab pukul 06.00","https://www.google.com/maps/place/PASAR+LARIS,+TAMAN+SURYA+5/data=!4m7!3m6!1s0x2e6a02af3d68bf01:0x3655182e43894f6a!8m2!3d-6.1373956!4d106.7126063!16s%2Fg%2F11b7gl6z70!19sChIJAb9oPa8Cai4Rak-JQy4YVTY?authuser=0&hl=id&rclk=1"
Tagar Tahu Garing Taman Surya,"Tahu · Jl. Taman Surya Bulevar No.10, RT.10/RW.15 Tutup ⋅ Buka Rab pukul 10.00",https://www.google.com/maps/place/Tagar+Tahu+Garing+Taman+Surya/data=!4m7!3m6!1s0x2e6a036ae773096f:0xd33d69882da6c00b!8m2!3d-6.1306808!4d106.7164147!16s%2Fg%2F11j89kyg0v!19sChIJbwlz52oDai4RC8CmLYhpPdM?authuser=0&hl=id&rclk=1
Indomaret Taman Surya 5,"Toko bahan makanan · Jl. Blk. Gg. 4 No.37, RT.4/RW.3 Buka ⋅ Tutup pukul 21.30",https://www.google.com/maps/place/Indomaret+Taman+Surya+5/data=!4m7!3m6!1s0x2e6a0326ffe03c5b:0xfdc0364a4753803b!8m2!3d-6.1344838!4d106.7071723!16s%2Fg%2F11j03jdq5k!19sChIJWzzg_yYDai4RO4BTR0o2wP0?authuser=0&hl=id&rclk=1
Indomaret Boulevard Taman Palem,"Minimarket · Jl. Taman Palem Lestari No.13, RT.7/RW.8 Buka ⋅ Tutup pukul 22.00",https://www.google.com/maps/place/Indomaret+Boulevard+Taman+Palem/data=!4m7!3m6!1s0x2e6a1d53ffffffff:0xd258fb87153b98b3!8m2!3d-6.1351432!4d106.7295988!16s%2Fg%2F11b63vxl_7!19sChIJ_____1Mdai4Rs5g7FYf7WNI?authuser=0&hl=id&rclk=1
Nasi Ulam Jakarta Taman Surya,"Indonesia · Palm City, Rukan Taman Surya 5, Blok GG-4 No. 28, Jl. Taman Surya 5, Pegadungan, Kalideres, RT.7/RW.3 Buka ⋅ Tutup pukul 20.00",https://www.google.com/maps/place/Nasi+Ulam+Jakarta+Taman+Surya/data=!4m7!3m6!1s0x2e6a02a65a093c99:0x2ef791a3ddabd581!8m2!3d-6.1347431!4d106.7075362!16s%2Fg%2F11f15l9ybr!19sChIJmTwJWqYCai4RgdWr3aOR9y4?authuser=0&hl=id&rclk=1
Green Sedayu Mall,"Pusat Perbelanjaan · Blk. B17, Jl. Taman Palem Lestari No.2, RW.13 Buka ⋅ Tutup pukul 22.00",https://www.google.com/maps/place/Green+Sedayu+Mall/data=!4m7!3m6!1s0x2e69f7288151bdd1:0xd7fefe5d9828a2b1!8m2!3d-6.139052!4d106.7287964!16s%2Fg%2F11hnqdxwfv!19sChIJ0b1RgSj3aS4RsaIomF3-_tc?authuser=0&hl=id&rclk=1
Ruko Mutiara Taman Palem,"Toko Perlengkapan Bayi · Jl. Taman Palem Mutiara, RT.7/RW.14 Buka ⋅ Tutup pukul 18.00",https://www.google.com/maps/place/Ruko+Mutiara+Taman+Palem/data=!4m7!3m6!1s0x2e6a1dd032d56c59:0x9b879074db0ab297!8m2!3d-6.1376682!4d106.7303951!16s%2Fg%2F11kw2vzqlh!19sChIJWWzVMtAdai4Rl7IK23SQh5s?authuser=0&hl=id&rclk=1
Situ Cipondoh,"Taman Rekreasi Air · Jl. KH Hasyim Ashari No.99, RT.002/RW.009 Danau, memancing, berperahu & taman main",https://www.google.com/maps/place/Situ+Cipondoh/data=!4m7!3m6!1s0x2e69f96880dcecdb:0x846950317c297e7b!8m2!3d-6.1962447!4d106.6745089!16s%2Fg%2F11m19qx361!19sChIJ2-zcgGj5aS4Re34pfDFQaYQ?authuser=0&hl=id&rclk=1
INDOMARET TAMAN PALEM LESTARI 19,"Minimarket · Jl. Taman Palem Lestari No.16, RT.6/RW.13 Buka ⋅ Tutup pukul 21.00",https://www.google.com/maps/place/INDOMARET+TAMAN+PALEM+LESTARI+19/data=!4m7!3m6!1s0x2e69f7fffe894acb:0x8bd5a919e12d646f!8m2!3d-6.139003!4d106.7237687!16s%2Fg%2F11c7t4fvf3!19sChIJy0qJ_v_3aS4Rb2Qt4Rmp1Ys?authuser=0&hl=id&rclk=1
1 Station Lottemart Taman Surya,"Bengkel Mobil · VP93+9Q Jakarta, Parkiran Lotte Mart Komplek, Jl. Taman Surya 5, RT.5/RW.2 Buka ⋅ Tutup pukul 21.00",https://www.google.com/maps/place/1+Station+Lottemart+Taman+Surya/data=!4m7!3m6!1s0x2e6a02a372f3d3fb:0x353e82c079693af0!8m2!3d-6.1315625!4d106.7044375!16s%2Fg%2F11fxld_9s3!19sChIJ-9PzcqMCai4R8DppecCCPjU?authuser=0&hl=id&rclk=1
GRACIOUS Preschool Mutiara Taman Palem,"· 7, Ruko Mutiara Taman Palem No.A5/26, RW.14 Buka ⋅ Tutup pukul 16.00",https://www.google.com/maps/place/GRACIOUS+Preschool+Mutiara+Taman+Palem/data=!4m7!3m6!1s0x2e6a1da55d7f4db5:0x58521dac1bc17970!8m2!3d-6.1347023!4d106.7337728!16s%2Fg%2F11h0321dgm!19sChIJtU1_XaUdai4RcHnBG6wdUlg?authuser=0&hl=id&rclk=1
GBI Taman Surya 2 - Trust Spirit,"Gereja Kristen · Taman Surya II No.15-17, RT.7/RW.3 Buka 24 jam",https://www.google.com/maps/place/GBI+Taman+Surya+2+-+Trust+Spirit/data=!4m7!3m6!1s0x2e6a02a8713e8a71:0x676523075c87681e!8m2!3d-6.1367455!4d106.7161323!16s%2Fg%2F11ddxx7l1t!19sChIJcYo-cagCai4RHmiHXAcjZWc?authuser=0&hl=id&rclk=1
KALIJODO Coffee Taman Surya,"Kedai Kopi · Jl. Taman Surya 3 No.8A, RT.9/RW.15 Buka ⋅ Tutup pukul 22.00",https://www.google.com/maps/place/KALIJODO+Coffee+Taman+Surya/data=!4m7!3m6!1s0x2e6a03ac933838c5:0xf6421e7eadb66c8!8m2!3d-6.1333181!4d106.7166349!16s%2Fg%2F11fn2qpl5d!19sChIJxTg4k6wDai4RyGbb6uchZA8?authuser=0&hl=id&rclk=1
Ruko Permata Taman Palem blok D2 no 1,"Pujasera · Ruko Jl. Permata Taman Palem No.1, RT.6/RW.3 Buka ⋅ Tutup pukul 23.00",https://www.google.com/maps/place/Ruko+Permata+Taman+Palem+blok+D2+no+1/data=!4m7!3m6!1s0x2e6a035bfc87e0bf:0xb7d282965b11e2!8m2!3d-6.1324619!4d106.7100994!16s%2Fg%2F11k1kmfsv8!19sChIJv-CH_FsDai4R4hFbloLStwA?authuser=0&hl=id&rclk=1
J.Co Donuts Taman Surya,"Donat · LOTTE Mart Taman Surya, Kompleks Taman Surya V, Blok DD-1, RT.8/RW.3, Jl. Satu Maret, RT.5/RW.2 Buka ⋅ Tutup pukul 22.00",https://www.google.com/maps/place/J.Co+Donuts+Taman+Surya/data=!4m7!3m6!1s0x2e6a02a30f85b487:0xd109213949f1ef36!8m2!3d-6.1311284!4d106.7040836!16s%2Fg%2F11bc7l6b9m!19sChIJh7SFD6MCai4RNu_xSTkhCdE?authuser=0&hl=id&rclk=1
Bakmi Alot Taman Sari,"Mi · Ruko Permata Taman Palem, Jl. Permata Taman Palem No.32, RT.6/RW.3 Buka ⋅ Tutup pukul 22.00",https://www.google.com/maps/place/Bakmi+Alot+Taman+Sari/data=!4m7!3m6!1s0x2e6a02a4c74f6297:0xc21d14f080dbe0f0!8m2!3d-6.1313538!4d106.7084482!16s%2Fg%2F1pzs5zp38!19sChIJl2JPx6QCai4R8ODbgPAUHcI?authuser=0&hl=id&rclk=1
Indomaret mutiara taman palem C8,"Minimarket · Jl. Taman Palem Lestari No.59, RT.7/RW.14 Buka ⋅ Tutup pukul 22.00",https://www.google.com/maps/place/Indomaret+mutiara+taman+palem+C8/data=!4m7!3m6!1s0x2e6a1d3587f2cef5:0x6112ec228fe8b294!8m2!3d-6.1381345!4d106.732794!16s%2Fg%2F11fnplj3cb!19sChIJ9c7yhzUdai4RlLLojyLsEmE?authuser=0&hl=id&rclk=1
A&W taman surya,"Makanan Siap Saji · Ruko CBD Palm, Palm Paradise, Jl. Satu Maret Blok A No.36,37 & 38, RT.5/RW.2 Buka 24 jam",https://www.google.com/maps/place/A%26W+taman+surya/data=!4m7!3m6!1s0x2e6a03d93f1bc23d:0x32b3396c60db22f4!8m2!3d-6.1323561!4d106.7047728!16s%2Fg%2F11n8s6mmxy!19sChIJPcIbP9kDai4R9CLbYGw5szI?authuser=0&hl=id&rclk=1
"Kopi Tulen, Taman Kencana","Kedai Kopi · Jl. Kencana Raya No.7, RT.13/RW.9 Buka ⋅ Tutup pukul 19.30","https://www.google.com/maps/place/Kopi+Tulen,+Taman+Kencana/data=!4m7!3m6!1s0x2e6a1d32fcced239:0x3eb236d8e7d282d9!8m2!3d-6.1277761!4d106.7262916!16s%2Fg%2F11j4sp1zwb!19sChIJOdLO_DIdai4R2YLS59g2sj4?authuser=0&hl=id&rclk=1"
GBI Taman Palem,"Gereja Abundant Life · Jl. Taman Palem Mutiara No.A11, RT.7/RW.14",https://www.google.com/maps/place/GBI+Taman+Palem/data=!4m7!3m6!1s0x2e6a1d5635ff2e89:0xf4cf825b763bb380!8m2!3d-6.1373!4d106.7318446!16s%2Fg%2F11cpfkr3n7!19sChIJiS7_NVYdai4RgLM7dluCz_Q?authuser=0&hl=id&rclk=1
Marketing Office Taman Palem Lestari,"Agen Properti Komersial · VP5H+WJ6, JL Taman Palem Lestari, Komplek Taman Palem, RT.2/RW.7 Buka sekarang",https://www.google.com/maps/place/Marketing+Office+Taman+Palem+Lestari/data=!4m7!3m6!1s0x2e69f7fe6ce9d7d9:0xbc05e1e368fb3dcd!8m2!3d-6.140209!4d106.7290022!16s%2Fg%2F11bc7qvh46!19sChIJ2dfpbP73aS4RzT37aOPhBbw?authuser=0&hl=id&rclk=1
"Sushi Stop , Taman Palem",Sushi · Jl. Taman Surya 5 No.2 no 69A Buka ⋅ Tutup pukul 22.00,"https://www.google.com/maps/place/Sushi+Stop+,+Taman+Palem/data=!4m7!3m6!1s0x2e6a035f6acfca51:0x1a4ebfe0b484cb4f!8m2!3d-6.1336345!4d106.7047083!16s%2Fg%2F11r9f59cps!19sChIJUcrPal8Dai4RT8uEtOC_Tho?authuser=0&hl=id&rclk=1"
"The Banana's, Taman Surya- Jakbar","Restoran · Ruko Perumahan Taman Surya 5 Blok DD2 No.3, RT.13/RW.017 Buka ⋅ Tutup pukul 20.00","https://www.google.com/maps/place/The+Banana's,+Taman+Surya-+Jakbar/data=!4m7!3m6!1s0x2e6a0340d052f2ad:0x7a21c11168f2cb91!8m2!3d-6.1340254!4d106.7045247!16s%2Fg%2F11ll24v3j3!19sChIJrfJS0EADai4RkcvyaBHBIXo?authuser=0&hl=id&rclk=1"
PEC Taman Kencana,"Konsultan Pendidikan · Ruko Taman Kencana Jalan Kencana Raya Blok C1 No 10 (Sebrang Bank BCA TAMAN KENCANA Cengkareng, RT.1/RW.12",https://www.google.com/maps/place/PEC+Taman+Kencana/data=!4m7!3m6!1s0x2e6a1d10999f50ab:0xc536507088696201!8m2!3d-6.1279093!4d106.7264127!16s%2Fg%2F11fll868_m!19sChIJq1CfmRAdai4RAWJpiHBQNsU?authuser=0&hl=id&rclk=1
Roti Bakar 88 Taman Surya,"Restoran · Jl. Perumahan Taman Surya No.9, RT.7/RW.15 Tempat nongkrong dgn menu jajanan Buka ⋅ Tutup pukul 23.00",https://www.google.com/maps/place/Roti+Bakar+88+Taman+Surya/data=!4m7!3m6!1s0x2e69f7fe248afa17:0xaf7385f209b8d0e8!8m2!3d-6.1336363!4d106.7135951!16s%2Fg%2F11bc7qn41k!19sChIJF_qKJP73aS4R6NC4CfKFc68?authuser=0&hl=id&rclk=1
Kinderhouse Preschool Mutiara Taman Palem,"Kelompok Bermain · Jalan Boulevard Raya Ruko Miami Blok B12E, RT.7/RW.14 Segera tutup ⋅ 14.00 ⋅ Buka Rab pukul 07.30",https://www.google.com/maps/place/Kinderhouse+Preschool+Mutiara+Taman+Palem/data=!4m7!3m6!1s0x2e6a1d57aa3d2a11:0x66ceb7092bfa58f1!8m2!3d-6.1360733!4d106.7326358!16s%2Fg%2F11g9mftq43!19sChIJESo9qlcdai4R8Vj6Kwm3zmY?authuser=0&hl=id&rclk=1
ERAFONE TAMAN SURYA,"Toko Elektronik · SAMPING TOKO KID BABY ZONE, Jl. Taman Surya 3 No.25 Buka ⋅ Tutup pukul 22.00",https://www.google.com/maps/place/ERAFONE+TAMAN+SURYA/data=!4m7!3m6!1s0x2e6a036b3b70fdf9:0xb73edcba5815ee!8m2!3d-6.1324455!4d106.7175286!16s%2Fg%2F11ql6cdg8_!19sChIJ-f1wO2sDai4R7hVYutw-twA?authuser=0&hl=id&rclk=1
Kost Bandara Taman Mahkota - Royalwood Residence (RR),"Pondok · Jl. Perumahan Taman Mahkota No.18, RT.002/RW.001",https://www.google.com/maps/place/Kost+Bandara+Taman+Mahkota+-+Royalwood+Residence+(RR)/data=!4m7!3m6!1s0x2e6a03547e79dd2d:0xc255b605d50a2532!8m2!3d-6.1190505!4d106.6862562!16s%2Fg%2F11r107h2x2!19sChIJLd15flQDai4RMiUK1QW2VcI?authuser=0&hl=id&rclk=1
Tukang Taman Jakarta,Taman · jl keramat sasak panjang tajur halang bogor,https://www.google.com/maps/place/Tukang+Taman+Jakarta/data=!4m7!3m6!1s0x2e69e93476406389:0x3195acc0836cf1ad!8m2!3d-6.459882!4d106.764748!16s%2Fg%2F11gzqrlcrd!19sChIJiWNAdjTpaS4RrfFsg8CslTE?authuser=0&hl=id&rclk=1
Ronde bandung (SB) Pujasera Lotte Martt cabang. Taman aries,"Pujasera · Jl. Satu Maret No.5, RT.9/RW.3 Tutup ⋅ Buka pukul 16.30",https://www.google.com/maps/place/Ronde+bandung+(SB)+Pujasera+Lotte+Martt+cabang.+Taman+aries/data=!4m7!3m6!1s0x2e6a02a31416401b:0x75fe83807096623b!8m2!3d-6.1306371!4d106.7036726!16s%2Fg%2F11c40vhbh1!19sChIJG0AWFKMCai4RO2KWcICD_nU?authuser=0&hl=id&rclk=1
OCBC NISP Premium Guest House KCP Taman Palem,"Bank · Sedayu Business Park Blok G5 No.15 dan No.16 Jl. Taman Palem Lestari Blok U No.22 RT 02/07 Kel.Cengkareng Barat, Kec, RT.2/RW.14 Buka ⋅ Tutup pukul 16.00",https://www.google.com/maps/place/OCBC+NISP+Premium+Guest+House+KCP+Taman+Palem/data=!4m7!3m6!1s0x2e69f71e8c16be93:0x5e2f65315b80cefd!8m2!3d-6.1399891!4d106.7286677!16s%2Fg%2F11h4_br_59!19sChIJk74WjB73aS4R_c6AWzFlL14?authuser=0&hl=id&rclk=1
Taman 02,Taman · JQ7C+CVP,https://www.google.com/maps/place/Taman+02/data=!4m7!3m6!1s0x2e69e987022ca3e1:0xf7cc14dbf7722914!8m2!3d-6.386406!4d106.7722117!16s%2Fg%2F11qvfymkll!19sChIJ4aMsAofpaS4RFCly99sUzPc?authuser=0&hl=id&rclk=1
Taman Kanak-Kanak Kristen 10 Penabur Pantai Indah Kapuk,"Taman Kanak-kanak · Jalan Layar Permai 6 Blok Sd-2, Bukit Golf Mediterania",https://www.google.com/maps/place/Taman+Kanak-Kanak+Kristen+10+Penabur+Pantai+Indah+Kapuk/data=!4m7!3m6!1s0x2e6a1d1992206697:0xee4e888f3829f8ea!8m2!3d-6.105128!4d106.7575787!16s%2Fg%2F1hc1tlhpq!19sChIJl2Ygkhkdai4R6vgpOI-ITu4?authuser=0&hl=id&rclk=1
Bulbul Board Game Cafe Taman Palem,"Kafe · blok CC 1, Jl. Taman Palem Lestari No.8a, RT.8/RW.5 Tutup ⋅ Buka pukul 16.00",https://www.google.com/maps/place/Bulbul+Board+Game+Cafe+Taman+Palem/data=!4m7!3m6!1s0x2e6a02ae37f9e305:0xa0c6acbaa929c52a!8m2!3d-6.1307091!4d106.716469!16s%2Fg%2F11gbzck_bb!19sChIJBeP5N64Cai4RKsUpqbqsxqA?authuser=0&hl=id&rclk=1
